freqs,Hlm,Hhm,Hlp,Hhp
0,0.00800000017928671,0.991999999820713,0,0
0.000406,0.00799653169446243,0.99202976866008,4.62961872949611,-0.0372777360776745
0.000812,0.00799200689766648,0.992114299262294,9.31830407764416,-0.0747334315585223
0.001218,0.00799429617172553,0.992246480747132,14.0418973640855,-0.112003218388105
0.001624,0.00800000025442155,0.992427820995972,18.7484674178692,-0.148449644606951
0.00203,0.00799999886285607,0.992666575815871,23.4630613291956,-0.183850613848979
0.002436,0.00799507379937264,0.992965355119526,28.2639882172468,-0.218455954803154
0.002842,0.00799477449118484,0.993317207334072,33.1649197500886,-0.252272523378082
0.003248,0.00800000025379996,0.993717495934646,38.1082546084357,-0.284669988586856
0.003654,0.00799999971098616,0.994173573119521,43.0983726563546,-0.315017112660511
0.00406,0.00799238071349084,0.994694749021127,48.2390696537304,-0.343407548439339
0.004466,0.00799082053304512,0.995276191165928,53.5761718244124,-0.370150872508983
0.004872,0.00800000025318783,0.995905643242305,59.0194648212578,-0.394595461223105
0.005278,0.007999999892038,0.996588762800451,64.5529129000501,-0.415317043772589
0.005684,0.00798047744384091,0.997350771334001,70.396191062715,-0.431891642170663
0.00609,0.00797285187227997,0.998198291613707,76.7168653104098,-0.445396449928329
0.006496,0.00800000025390913,0.999096924468504,83.290612095131,-0.455643417120829
0.006902,0.00799999813508327,1.00002694867694,89.9638252600963,-0.458358574848134
0.007308,0.00789513400090866,1.00107476793494,97.5999780650316,-0.44790733104578
0.007714,0.0078149377747112,1.00242629125033,107.874771252088,-0.425121717569265
0.008,0.00800000024614498,1.00363769901102,116.842494231641,-0.407498914055599
0.008406,0.00890561656808188,1.00568084924578,129.438840041045,-0.39184798706605
0.008812,0.0104675064135439,1.00787161010929,138.567022394598,-0.393780092028153
0.009218,0.0122385548778675,1.00995128708784,144.197286771139,-0.406171025988684
0.009624,0.0139279396444979,1.01188752713329,148.387352211856,-0.41338663637271
0.01003,0.0156154806101516,1.0138827752674,152.54866201469,-0.406808668659008
0.010436,0.0175473749323445,1.01613658581911,156.671143790842,-0.391823121951615
0.010842,0.0198014885984702,1.01864324627177,160.115966334288,-0.378817923651453
0.011248,0.0222354515309549,1.02125538000933,162.739300108591,-0.370155280804665
0.011654,0.0247311926768938,1.0239038779225,164.957647132207,-0.359173188227298
0.01206,0.0273508534470444,1.02667903294794,167.103126799355,-0.34068230626541
0.012466,0.0302160560269574,1.02968758228131,169.108366845627,-0.3176938148387
0.012872,0.0333240762765716,1.03290844715884,170.792248402525,-0.295788192630057
0.013278,0.0365778369865661,1.0362513887076,172.201018244769,-0.274441966635468
0.013684,0.039962448106179,1.03971747176581,173.527264250939,-0.248257179354526
0.01409,0.043585456748872,1.04341534290814,174.827142994337,-0.215787223468694
0.014496,0.0475217419430784,1.04740997680287,175.97742848427,-0.182357369175274
0.014902,0.0517075194452918,1.0516353707174,176.895667150947,-0.152561450437693
0.015308,0.0560499697241681,1.05600589300934,177.664809528924,-0.123911452216275
0.015714,0.0605782368349134,1.06055595910135,178.39971251073,-0.0913954903826443
0.01612,0.065398167077418,1.06539042456337,179.08997024716,-0.0558591326043064
0.016526,0.070521780234576,1.07052056152293,179.6514823502,-0.0229588623354703
0.016932,0.0758481173337685,1.07584803956011,-179.914894622983,0.00599999258493648
0.017338,0.081339815138112,1.08133708257572,-179.511625228867,0.0367358485545625
0.017744,0.0871184274155226,1.08710832071188,-179.090025199074,0.0729202976697151
0.01815,0.09330537080787,1.09328421454215,-178.72420343939,0.108872793223217
0.018556,0.0998327688229154,1.09980156097812,-178.497530547137,0.136368816306272
0.018962,0.106530128645437,1.10649132439672,-178.373202686595,0.156602998092857
0.019368,0.113384702206985,1.11333680161228,-178.242619395835,0.178947788622788
0.019774,0.120586851672526,1.12052621111896,-178.07643656851,0.206968287891907
0.02018,0.128268290729669,1.12819606862675,-177.957625986143,0.232155626381641
0.020586,0.136312577698138,1.13623597079822,-177.95229066685,0.245609170655054
0.020992,0.144537811892352,1.14446201871349,-178.014858087803,0.250660638638056
0.021398,0.152984733370615,1.15290901239866,-178.064260215002,0.256814101966328
0.021804,0.161857313050549,1.16178124946877,-178.106571521869,0.263742034646201
0.02221,0.171184959511321,1.1711140587154,-178.215345669251,0.260826547148118
0.022616,0.180745465995992,1.18068589256105,-178.401483970179,0.244678050379647
0.023022,0.190426902397913,1.19037778948382,-178.580192946231,0.22710646966102
0.023428,0.200488849294548,1.20044561285968,-178.696227004304,0.217727497632395
0.023834,0.211242547561115,1.21120563551852,-178.821170809339,0.205581810484676
0.02424,0.222545014172014,1.22252052794072,-179.060223041832,0.171067564796359
0.024646,0.233915692129185,1.23390497289851,-179.390696592481,0.115505684483622
0.025052,0.24523580172956,1.2452326667922,-179.676714497139,0.063667439216642
0.025458,0.257035503680839,1.2570348635263,-179.856630319107,0.0293158625601264
0.025864,0.269816320248949,1.26981626283592,179.95788088834,-0.00894965915588443
0.02627,0.283269778009914,1.28326521521951,179.631606368455,-0.0813191980958017
0.026676,0.296607515061464,1.29658546590929,179.2044849291,-0.181976869451156
0.027082,0.309691688392829,1.30964391765953,178.84829382235,-0.2723268134472
0.027488,0.323368435821625,1.32329861588231,178.630306011256,-0.334675885477558
0.027894,0.338355733024636,1.33825839907545,178.410081537679,-0.401935382152663
0.0283,0.354143545564324,1.35398938775968,178.032693400278,-0.5144659259929
0.028706,0.369605193245443,1.36935910876791,177.553067997287,-0.660267920862372
0.029112,0.38461781225661,1.38427788122057,177.165340257106,-0.787305948167683
0.029518,0.400372705414109,1.3999630121946,176.932555552914,-0.876867709899493
0.029924,0.417739854369613,1.41724991992953,176.695737093153,-0.97345123054626
0.03033,0.435950575906678,1.4353195489026,176.305631278442,-1.12138733764219
0.030736,0.453692982962685,1.45287063561098,175.840371485741,-1.29791196892301
0.031142,0.471138397702746,1.47014214364336,175.480251498004,-1.44710186877784
0.031548,0.489744196465091,1.48860233108944,175.224060819806,-1.56964222114996
0.031954,0.509795157082347,1.50844966005698,174.884505314924,-1.72679639533104
0.03236,0.529475127611822,1.52782644223905,174.407444524765,-1.93541721849992
0.032766,0.547569499101774,1.54564592946605,174.024711547004,-2.11348456366335
0.033172,0.566143598821871,1.56412470233148,173.943672628687,-2.18857356137339
0.033578,0.588363159459215,1.5863114859238,173.968793959506,-2.23341186906005
0.033984,0.613258403351153,1.61095492279138,173.69152436097,-2.39736105768959
0.03439,0.635501458892568,1.63269781267116,173.115990189845,-2.6740190539854
0.034796,0.652584855651341,1.6494691915903,172.801247690551,-2.84174341015401
0.035202,0.670369548294544,1.66752523826259,173.177447424515,-2.73733011647585
0.035608,0.697019630159084,1.69461173580645,173.795091093026,-2.54802763840019
0.036014,0.729850827391463,1.72734508861617,173.754740495473,-2.63450001872554
0.03642,0.754813828501115,1.75165959277012,173.060142254044,-2.98452133344176
0.036826,0.76440780138831,1.76113222097988,172.953218745068,-3.05234728176134
0.037232,0.773581389239508,1.77163590282108,174.587889842385,-2.36034229029191
0.037638,0.807243328548594,1.80665925660383,177.069854936067,-1.30877738089014
0.038044,0.860356697391553,1.86008494489664,178.035786706289,-0.908379939818254
0.03845,0.888196468413457,1.88769034740862,177.342068902186,-1.25026102723187
0.038856,0.856494137935121,1.8563827045486,178.740691562817,-0.580980384622821
0.039262,0.822883668120619,1.81791434607662,-171.496476080748,3.83789643716341
0.039668,0.97530609224099,1.9320064926982,-155.960615431633,11.8671869834569
0.04,1.30302433930563,2.22727695003292,-150.264261430663,16.8684463734015
0.040812,2.36851435189497,3.34041560864786,-163.781690969767,11.4221098771389
0.041624,2.99999998898696,3.9930235907752,172.182460025396,-5.86543159554372
0.042436,2.99999998726489,3.92430941589652,154.162547503896,-19.4612388616754
0.043248,2.9304873132466,3.79469535573824,145.18668041896,-26.1604280747796
0.04406,2.99999998932592,3.79657674318309,137.363508788064,-32.3593707610621
0.044872,2.99999997899407,3.71993960443081,129.766357099771,-38.3085805551154
0.045684,2.9999999331592,3.65235800873558,123.822363247077,-43.0300284465327
0.046496,2.99999999105208,3.58155665902542,118.115988838245,-47.6276825048237
0.047308,2.98505291841327,3.50471134768665,113.415119467766,-51.406014849991
0.04812,2.99999998735435,3.45814840394834,109.054359942549,-55.0832332082638
0.048932,2.99999998459115,3.39456318798901,104.705051491946,-58.7397120556058
0.049744,2.99999990144828,3.33633813151941,100.866744190506,-62.0143825813941
0.050556,2.99999999114104,3.2773359900505,97.093479313291,-65.2812400778581
0.051368,2.9930984068886,3.21695726865215,93.7371469275686,-68.1920671145783
0.05218,2.99999998818203,3.17116084737018,90.5372626727194,-71.082116991507
0.052992,2.99999998144409,3.11791713286645,87.3386793661347,-73.975352166213
0.053804,2.99999995617709,3.06816445293991,84.3916595351281,-76.6810739511081
0.054616,2.99999999047006,3.0185156030027,81.4835176376238,-79.3911510153621
0.055428,2.99672906976465,2.96904991926475,78.7903301327356,-81.9176719395476
0.05624,2.99999998958079,2.92695709990918,76.183073289184,-84.4409495383371
0.057052,2.99999997173303,2.88195379971754,73.5970793713194,-86.9602002902023
0.057864,2.99999997725997,2.83909730418365,71.1401484110489,-89.3897796687822
0.058676,2.99999998894853,2.79708816293427,68.7328931971203,-91.8059476054856
0.059488,2.99999822602696,2.75671795220561,66.4166440711954,-94.1656291246127
0.0603,2.99999999132773,2.71698158031256,64.1297164157846,-96.5304468483487
0.061112,2.99835420137059,2.67759478884598,61.9423076558936,-98.8145718357033
0.061924,2.99999998920987,2.64239653202985,59.8041892844651,-101.103333841812
0.062736,2.99999997418697,2.60603564002927,57.6721586074926,-103.407814410551
0.063548,2.9999999784379,2.57120480225128,55.6103720624699,-105.669533634863
0.06436,2.99999998833986,2.53709168521748,53.5685253704909,-107.942507614703
0.065172,2.99999981783021,2.50426737069299,51.5785830748518,-110.190319721504
0.065984,2.99999999094781,2.47194827091186,49.5905659238276,-112.468949345121
0.066796,2.99834484384896,2.43964904903341,47.6698017889199,-114.690775666462
0.067608,2.99999998963026,2.41144813612504,45.7743236815316,-116.938267440887
0.06842,2.99999997129462,2.38190242432719,43.8554438813649,-119.234071755134
0.069232,2.9999999796055,2.35375510389297,41.9861855413989,-121.502419036588
0.070044,2.999999988539,2.32615524198087,40.1078073337068,-123.813958986301
0.070856,2.99999955489509,2.29980000501568,38.2651694303348,-126.113100744352
0.071668,2.99999999133199,2.27369029630086,36.3843940836669,-128.492295226875
0.07248,2.99684684631316,2.24634263347073,34.5762809863968,-130.790274455708
0.073292,2.99999998885265,2.22611938764768,32.7824946042502,-133.140452040185
0.074104,2.99999997930758,2.20250645391086,30.8892913767055,-135.631683471819
0.074916,2.99999996863877,2.18079679570733,29.0706934666936,-138.055577754951
0.075728,2.9999999900318,2.15889831105832,27.1443811963187,-140.655467254032
0.07654,2.99426893137689,2.1338609320865,25.3413549272806,-143.087754169052
0.077352,2.99999999019077,2.12109239373375,23.5333477310791,-145.616332939872
0.078164,2.99999996605334,2.10213807240577,21.5387896770135,-148.403123467423
0.078976,2.99999997936618,2.08550698498272,19.6478875137997,-151.074023465557
0.079788,2.99999998878655,2.06884744114443,17.5770506225434,-154.029540051082
0.0806,2.9920546285128,2.04708812239192,15.6656940471562,-156.754537304645
0.081412,2.99999999080406,2.04232227054813,13.7151123641544,-159.618355129775
0.082224,2.99999992940032,2.02985969343594,11.4941975503201,-162.872076430305
0.083036,2.99999998381697,2.01992462680432,9.37239421365526,-166.003279816998
0.083848,2.99999998708231,2.0112206342071,7.02232770279992,-169.492683787718
0.08466,2.99531614232422,2.00050403657473,4.76787805557171,-172.85084780646
0.085472,2.9999999895268,2.00117256830374,2.26597422211155,-176.601924021485
0.086284,2.98910112255607,1.9891186833851,-0.27699354375817,179.583752454056
0.087096,2.99999998556725,2.00180530555486,-2.81196988633267,175.78373639607
0.087908,2.99999998382445,2.00818451361394,-5.99419407125459,171.025021323251
0.08872,2.9999996463498,2.01835261852109,-8.99259604684249,166.565812466893
0.089532,2.99999998935583,2.03844199397182,-13.0620950382851,160.572298282194
0.090344,2.9334877743208,1.99397470166089,-16.3603916961799,155.518573233462
0.091156,2.99999998245829,2.0838577302805,-19.4516550388371,151.352753820009
0.091968,2.99999998186662,2.15231391586029,-26.544083835456,141.472380211529
0.09278,2.84790253873997,2.05160519871339,-30.6227934374445,135.001127244683
0.093592,2.99999998487033,2.25895944772861,-35.2954287170762,129.884871172538
0.094404,2.99999994687091,2.44109891908642,-47.6617626085306,114.711962489398
0.095216,2.80946353724491,2.41655715207746,-57.0844622368314,102.588164802874
0.096028,2.99999998388283,2.8804001698964,-73.5079404347522,87.0477222539398
0.09684,2.74721599958674,3.24559244518393,-111.197236927846,52.1085482741713
0.097652,1.71388054496908,2.70624080933871,-171.085146730867,5.63214989363636
0.098464,1.085646543564,1.53210244527829,94.4563741608971,-44.9473682657917
0.099276,1.14126899738407,0.487416698692225,25.2225255044885,-93.8184888169841
0.1,1.00751047859857,0.0433340890516799,2.43633790718779,-98.7602102229751
0.100812,0.956754878054414,0.0433340897119521,0.162571941642916,-3.59170362539055
0.101624,0.978879462245118,0.0433340895669076,-2.19139440597808,59.7410697422934
0.102436,0.97974427542649,0.0433340897920878,-2.21763298957149,61.0291489064997
0.103248,1.00102605650028,0.0433340890376208,-2.48108572477809,90.1159046781802
0.10406,1.00421631647626,0.0433340899140384,-2.46607737652549,94.3492576171062
0.104872,1.0170983940359,0.0433340850015402,-2.26230324553376,112.10330492723
0.105684,1.01817115053512,0.0433340900225402,-2.23396567462096,113.670088853917
0.106496,1.02551550324129,0.0393093316854817,-1.69192230815346,129.622137814392
0.107308,1.03066408552508,0.0433340899877928,-1.72814195192393,134.171036384283
0.10812,1.03100650443281,0.038451938351123,-1.2832419095667,143.096290321473
0.108932,1.03887218880298,0.0433340899877834,-1.07661500996149,153.227568069384
0.109744,1.03931026945445,0.0433340845406996,-1.02489981613348,154.596266456141
0.110556,1.04104544779037,0.0433340897907947,-0.780366552759121,160.90157393831
0.111368,1.04174622858508,0.0433340894464216,-0.652476365619193,164.112054551928
0.11218,1.04262983951294,0.0433340887386999,-0.436596172147943,169.435723829647
0.112992,1.04290161846596,0.0433340898991822,-0.342628818877544,171.725425449831
0.113804,1.04189777761052,0.0419457882062594,-0.112619492028824,177.2015166541
0.114616,1.04332556587902,0.0433340896394278,0.0482099650280573,-178.839202009256
0.115428,1.04254513344425,0.0426513593084274,0.168811236747824,-175.870106577627
0.11624,1.04290782947327,0.0433340898166576,0.34017075826698,-171.785149920286
0.117052,1.04265505752365,0.0433340888535296,0.428765707991296,-169.627056948413
0.117864,1.04215111534049,0.0433340891625221,0.564406600683216,-166.296403940309
0.118676,1.04173210189396,0.0433340897716234,0.655322506535853,-164.041130461505
0.119488,1.04106022910975,0.0433340586200412,0.777899541505148,-160.963980304777
0.1203,1.04069189683162,0.0433340899101826,0.836863241443841,-159.466249702706
0.121112,1.03867011565764,0.0421685150605924,0.945437688370757,-156.019574451002
0.121924,1.03869594577826,0.0433340897967426,1.0965882990187,-152.695080259515
0.122736,1.03827821000925,0.0433340886382828,1.14221820851096,-151.46997843883
0.123548,1.03734939485938,0.043334089046901,1.23618033313043,-148.906163819692
0.12436,1.03675826698872,0.0433340897178767,1.29140854826641,-147.37061842411
0.125172,1.03567093927705,0.0432258979678885,1.37457359311025,-144.917642942422
0.125984,1.03527329796573,0.0433340898664109,1.41751198368921,-143.772223347173
0.126796,1.03329735513735,0.042319151730605,1.47223365826054,-141.146737726075
0.127608,1.03280430871202,0.0433340897198613,1.59639073220574,-138.396612298911
0.12842,1.03243771365092,0.0433340887006959,1.62031706031982,-137.648269152404
0.129232,1.03134689242236,0.0433340887180081,1.68810623775539,-135.483451994201
0.130044,1.0309754029362,0.0433340896971737,1.71010552983388,-134.765607006382
0.130856,1.02905047664397,0.0424449076345033,1.74792289734936,-132.310408699153
0.131668,1.0284331087125,0.043334089857889,1.84766765171416,-130.075626300921
0.13248,1.02797693261035,0.0433340661830325,1.87018068713652,-129.269931046187
0.133292,1.0269879812048,0.0433340895932614,1.91696075017113,-127.555205569502
0.134104,1.02631591603655,0.0433340889638739,1.9472425180604,-126.413128295234
0.134916,1.02534641375799,0.0433340879882841,1.98890191343734,-124.795750161222
0.135728,1.02482764321452,0.0433340896913541,2.01025579138032,-123.943899156762
0.13654,1.02339280254196,0.0427836492089153,2.02896366884023,-122.125334603839
0.137352,1.02259427324644,0.043334089725771,2.09523989153131,-120.372548225332
0.138164,1.0220858207876,0.0433340856130994,2.11310101509094,-119.579126691784
0.138976,1.02116709481545,0.0433340892480454,2.1440594147282,-118.161958744468
0.139788,1.02052383998728,0.0433340892930702,2.16475782675926,-117.181582749665
0.1406,1.01962235881616,0.0433340846930884,2.19245723028867,-115.822933357113
0.141412,1.01916013510175,0.0433340896973637,2.20608397312044,-115.13281637913
0.142224,1.01786257669962,0.0427937735203179,2.20858769423288,-113.56203659656
0.143036,1.01700763758377,0.0433340895885791,2.26461213469328,-111.97163936018
0.143848,1.01662391388021,0.0433340878187674,2.27422230689048,-111.416427067823
0.14466,1.01572039635889,0.0433340885608007,2.29590167416738,-110.118107892609
0.145472,1.01533477398344,0.0433340894737581,2.30475532775307,-109.567640605047
0.146284,1.01414415939658,0.0428690009498783,2.30259941597737,-108.109736529744
0.147096,1.01334333202778,0.0433340897273208,2.34678576895087,-106.756503094499
0.147908,1.01291294752316,0.0433340409197902,2.35507201295152,-106.155378400796
0.14872,1.01213000450816,0.0433340893975463,2.36944764409941,-105.067033483067
0.149532,1.01156570748238,0.0433340886059361,2.37924790402351,-104.286617128639
0.150344,1.01080762610621,0.0433340873897243,2.39168684854775,-103.243095838009
0.151156,1.01035626999135,0.043334089522769,2.39870147992761,-102.62430078133
0.151968,1.00942836574371,0.0430206326127719,2.39389294552414,-101.459896613763
0.15278,1.00866656468273,0.0433340895459175,2.4224063044593,-100.322801134368
0.153592,1.00823485246387,0.0433340862741269,2.42782391984674,-99.7382364744436
0.154404,1.00753049709888,0.0433340888125157,2.43611227627346,-98.7871932871063
0.155216,1.00701657531497,0.043334089175038,2.44173116478321,-98.0952500003559
0.156028,1.00632891583415,0.0433340764332171,2.44868711979653,-97.1717775789874
0.15684,1.00594814578569,0.0433340895684467,2.45226476220036,-96.6615197961271
0.157652,1.00510393033207,0.0429894589029607,2.43966009764763,-95.5971509555084
0.158464,1.00433483164903,0.0433340893525253,2.4652598484596,-94.5070981519801
0.159276,1.00402040029142,0.0433340879439294,2.46738765801362,-94.0884462924648
0.160088,1.00333531258471,0.0433340876478571,2.47156884449103,-93.1774603821231
0.1609,1.00303227941429,0.0433340893497458,2.47321979144456,-92.7749742205795
0.161712,1.00222961868461,0.0430044391182158,2.45810893712081,-91.7421646511851
0.162524,1.0015177200199,0.0433340894386549,2.47964981818352,-90.7668255105398
0.163336,1.00119260408711,0.0433340817478733,2.48063462836564,-90.3363583816842
0.164148,1.00059309302229,0.0433340887848612,2.48208603371855,-89.5429775311187
0.16496,1.00017176828515,0.043334088902711,2.48282194278899,-88.9856461523616
0.165772,0.999589221651039,0.0433340791847886,2.48345278056944,-88.215267010838
0.166584,0.9992791790627,0.0433340894484065,2.48360656510945,-87.8053163948708
0.167396,0.998606788669774,0.0430381047179948,2.46651849661137,-86.9120917730042
0.168208,0.997912703878863,0.043334089211414,2.48276501651071,-85.9984014061589
0.16902,0.997663643065651,0.0433340881339111,2.48234454341805,-85.6689536316452
0.169832,0.997079338670307,0.0432963170339678,2.47886122432283,-84.8935083276718
0.170644,0.996745283340241,0.0433340890478282,2.48007998712464,-84.4535695862673
0.171456,0.996183246304808,0.0431757716152322,2.46901164106521,-83.6950868634518
0.172268,0.995690247419235,0.0433340884063282,2.47608440671464,-83.0555588805623
0.17308,0.995308566527326,0.0432116422673885,2.46719417530116,-82.535037038472
0.173892,0.99471378675313,0.0432939854809337,2.46872667766903,-81.7539337467761
0.174704,0.994393417226379,0.0433340874753973,2.46911384913618,-81.3333873383455
0.175516,0.993911184157954,0.0433082405890563,2.46443680270962,-80.6875272734755
0.176328,0.993590534127911,0.0433340892263103,2.4636488926867,-80.2644344142307
0.17714,0.993106194693316,0.043192336767966,2.45166562449735,-79.5921933265427
0.177952,0.992649548999437,0.0433340565851692,2.456110293608,-79.0083120045349
0.178764,0.992329581140006,0.0431941497350649,2.44508852234185,-78.5509735926687
0.179576,0.991734454925683,0.0432795335107322,2.44439993306423,-77.7703281072182
0.180388,0.99151534543618,0.0433340884412301,2.44538461867938,-77.4886668955864
0.1812,0.991041020292989,0.0431734807498914,2.43090847524152,-76.8107399670347
0.182012,0.9906048710686,0.0433340892574381,2.43545456505845,-76.2635915860615
0.182824,0.990302291413325,0.043221769265313,2.42525409941707,-75.8244379491213
0.183636,0.989786039092467,0.0432984910175186,2.42339526090541,-75.1469403339674
0.184448,0.989513896844046,0.0433340842896042,2.42198228912256,-74.7886038101121
0.18526,0.989109022481962,0.0433124135575512,2.41524982236544,-74.232251764824
0.186072,0.988830166003374,0.0433340889056821,2.41265094481077,-73.8598186340769
0.186884,0.988434431287615,0.0432226767547338,2.4002682113036,-73.2829812084738
0.187696,0.988038057433726,0.0433340867652866,2.40096952189607,-72.7791243552531
0.188508,0.9877628622252,0.0432352494579501,2.39074821146049,-72.3668111178641
0.18932,0.987287416296756,0.0432994375044756,2.38693319177546,-71.7369261779598
0.190132,0.987044915806283,0.0433340878821779,2.38497989866355,-71.4163521157105
0.190944,0.986670821306406,0.0433074665810488,2.37694869226026,-70.8900097417815
0.191756,0.9864587813601,0.0433340891745768,2.37482878311855,-70.6076284680552
0.192568,0.986117999273487,0.0431006917415519,2.35445615693053,-70.0379425941264
0.19338,0.985559840229916,0.0432836808004613,2.35512224536394,-69.3382774895244
0.194192,0.985375034663883,0.0433340791058713,2.35463133038938,-69.1027894707646
0.195004,0.985022595988663,0.0433093395641584,2.34613444842451,-68.599261708635
0.195816,0.984801190511406,0.0433340886025487,2.34317239768363,-68.3005827868096
0.196628,0.984467051685608,0.0432164324798508,2.32897035151251,-67.7753524526814
0.19744,0.984110103475708,0.0433340878479226,2.328652627878,-67.3291091028999
0.198252,0.983894783449533,0.0432338923297023,2.31772936121653,-66.9751128608393
0.199064,0.983466230976787,0.0432994510394081,2.31223900312693,-66.4005571583627
0.199876,0.98326622118769,0.0433340872005559,2.309834799368,-66.1343427431332
0.200688,0.982944830337022,0.0433080332871116,2.30070914260618,-65.6627676862714
0.2015,0.98277087788551,0.0433340889985494,2.29822015096898,-65.4283916676726
0.202312,0.982498542640427,0.0431088156723642,2.27740764631996,-64.9135649458346
0.203124,0.981986116640218,0.0432857107541323,2.27586047021855,-64.2747043400149
0.203936,0.981832409957072,0.0433340703260064,2.27503007080176,-64.0807720309863
0.204748,0.98152986026019,0.0433105504476908,2.26571320273362,-63.6294252534885
0.20556,0.981342699393124,0.0433340883122086,2.26230154621604,-63.3719856383733
0.206372,0.981064228251199,0.0432229918046283,2.2477181318031,-62.8991218329142
0.207184,0.980744477809492,0.043334088129109,2.24615095468886,-62.5005945719443
0.207996,0.980571693502546,0.0432399965538842,2.23526787260649,-62.1882121145799
0.208808,0.980191494898402,0.043301636225725,2.2285099151832,-61.6683804515969
0.20962,0.980020169803105,0.0433340864886781,2.22569188778277,-61.4369182841691
0.210432,0.979744177797284,0.0433097749067105,2.21603758059951,-61.0127868183131
0.211244,0.97959598992801,0.0433340888271595,2.21323974588886,-60.809366156552
0.212056,0.979379687824622,0.0431245635445772,2.19294893789121,-60.3441349764495
0.212868,0.978915649433456,0.0432891511415711,2.1895427484308,-59.7636307663809
0.21368,0.97878271355465,0.0433340524112564,2.18836279966721,-59.5959740649017
0.214492,0.978522389625614,0.0433122668738235,2.17866358213274,-59.1889023996659
0.215304,0.978360907978531,0.0433340880307206,2.17493364064701,-58.9611468214874
0.216116,0.978128544196182,0.0432313090999832,2.16047499857395,-58.5334885005221
0.216928,0.977841779874893,0.0433340882117689,2.15789230411296,-58.1743280751922
0.21774,0.977701481299798,0.043247170773699,2.14731136524226,-57.8944001476339
0.218552,0.977364828663207,0.0433041299988004,2.1396906304659,-57.422582140022
0.219364,0.977215492616401,0.0433340857795575,2.13656388919697,-57.2166217062753
0.220176,0.976977648544343,0.0433116698835819,2.12670446077036,-56.832545571414
0.220988,0.976848953313854,0.0433340886604835,2.12368145970394,-56.6516122311784
0.2218,0.976677600134034,0.0431411273665648,2.10426776745911,-56.2290969449614
0.222612,0.976258946422562,0.0432927219974744,2.09943854993219,-55.7003395074069
0.223424,0.976141634578083,0.0433340230708217,2.09795699460012,-55.5513035220662
0.224236,0.975916730445399,0.0433140033316965,2.0881388616722,-55.18158570317
0.225048,0.975775626926068,0.0433340877625047,2.08419605211659,-54.9766360653645
0.22586,0.975581140485098,0.0432395866922048,2.07011163405954,-54.5875279961062
0.226672,0.975323397250589,0.0433340881985242,2.06674552421561,-54.2611908428646
0.227484,0.975208481193145,0.0432542269174456,2.05657902803751,-54.0074061243727
0.228296,0.974910131654614,0.0433065727609106,2.0484017012412,-53.5771339578994
0.229108,0.974778404471903,0.0433340851285292,2.04504813495884,-53.3907880379391
0.22992,0.97457259259671,0.0433135172902492,2.03518549910143,-53.0406757934112
0.230732,0.974459222405413,0.0433340885101309,2.03199355033513,-52.876679928915
0.231544,0.974323710204312,0.0431573208772119,2.01361828061909,-52.4909317435714
0.232356,0.973946847998521,0.0432962447442741,2.00773389110961,-52.0080249452054
0.233168,0.973841801825728,0.0433338740126372,2.00597333499865,-51.8723894779516
0.23398,0.973646585958393,0.043315682581046,1.99620887563798,-51.5344028451774
0.234792,0.97352193433956,0.0433340875128586,1.99211633598556,-51.3472125482086
0.235604,0.973358502592446,0.043247820036451,1.9785632267925,-50.9913655790218
0.236416,0.973126637724025,0.0433340881266544,1.97458364796559,-50.6928020959582
0.237228,0.973031157759731,0.0432615127617661,1.96489392587431,-50.4600718969314
0.23804,0.972767287274347,0.0433091688877702,1.9564012523297,-50.0670651279249
0.238852,0.972649366896085,0.0433340845659405,1.95282599058756,-49.8947828667995
0.239664,0.972470770195672,0.0433156876197218,1.94313002787258,-49.5745215483978
0.240476,0.972367627010361,0.0433340883698343,1.93967179738136,-49.4194778480473
0.241288,0.97225601520078,0.043182046982708,1.92287883244553,-49.0676634079803
0.2421,0.971932157758338,0.0433041210013028,1.91658542592813,-48.6457833012382
0.242912,0.971841675002717,0.0433214144567413,1.91350845432341,-48.509510207893
0.243724,0.97165649144362,0.0433145110141581,1.90389974977901,-48.1833596225087
0.244536,0.971550375137985,0.043334087301954,1.90015665499648,-48.0218948369972
0.245348,0.971412796825854,0.0432502651255579,1.88681009097829,-47.6894098743409
0.24616,0.971200190760083,0.0433340879995131,1.88258342314029,-47.4139846621267
0.246972,0.971123506400617,0.0432651192566147,1.87329996006525,-47.2010939764525
0.247784,0.970885863189907,0.0433105935884871,1.86462342016618,-46.8361346587333
0.248596,0.970781247471556,0.0433340841277795,1.8610317211353,-46.6791109542839
0.249408,0.970625200019531,0.0433170695548085,1.85150719765714,-46.3831077887776
0.25022,0.970532308740284,0.0433340882004416,1.84794596915712,-46.2383711417506
0.251032,0.970439576126293,0.0432008814381935,1.83240556271256,-45.91361627899
0.251844,0.970159581207878,0.0433111213978585,1.82610727602885,-45.544582069043
0.252656,0.970087299367817,0.0433068861883319,1.82182774225884,-45.4092960046832
0.253468,0.969905349896578,0.0433120128679575,1.8122420544132,-45.086827027095
0.25428,0.969817375833697,0.0433340871004711,1.80915493818357,-44.9546876911593
0.255092,0.969703218470406,0.0432471284508588,1.79570523052279,-44.6378952271561
0.255904,0.969503052385497,0.0433340878271019,1.79151049113538,-44.3814482220652
0.256716,0.969447371841589,0.0432632825132762,1.78253051774049,-44.1888931886967
0.257528,0.969225740163869,0.0433099019208125,1.77363185651733,-43.8396625429167
0.25834,0.969135755685421,0.0433340838387318,1.77041505345865,-43.7043134139167
0.259152,0.968998068889225,0.0433161719843091,1.76087853223345,-43.4248608132161
0.259964,0.968922141383628,0.0433340880599046,1.75790337853363,-43.3067572532489
0.260776,0.968864789427261,0.0431808109763879,1.74165936234553,-42.9954176266887
0.261588,0.968569457136099,0.0433013254689239,1.73406917667924,-42.5997532996827
0.2624,0.968495942814654,0.0433336603540459,1.732349946438,-42.5043411948186
0.263212,0.968364190950781,0.0433180316948459,1.72297636907324,-42.2326258345983
0.264024,0.968278968629486,0.0433340869345484,1.71910372906938,-42.092119831862
0.264836,0.968183184708732,0.043258692271391,1.706701996297,-41.8039725589209
0.265648,0.96800447238535,0.043334087606212,1.70200857691289,-41.5652483165491
0.26646,0.967957234467491,0.0432702366736596,1.69350432527302,-41.3838403387651
0.267272,0.967760357008346,0.0433120535720746,1.68460297417867,-41.0606741921456
0.268084,0.967678302338589,0.0433340836809051,1.68125847115555,-40.9321879549706
0.268896,0.967557542651758,0.0433175475495346,1.67199922553412,-40.6718268416284
0.269708,0.967488738244868,0.0433340879404711,1.66897506561386,-40.5606448126599
0.27052,0.967447803565415,0.0431913390956503,1.65367453134328,-40.270347777162
0.271332,0.967178293155494,0.0433034251137397,1.64575264753058,-39.9004347422781
0.272144,0.967110683670414,0.0433339472426503,1.64395436611859,-39.8111102807295
0.272956,0.966995027345377,0.0433190906132982,1.63482787025381,-39.5571376438253
0.273768,0.966918325833926,0.0433340867828811,1.63097351634891,-39.4256285420003
0.27458,0.966838287904901,0.0432632278889954,1.6190899946745,-39.1557327152707
0.275392,0.966674389317643,0.0433340873230044,1.61422634706234,-38.9320400909616
0.276204,0.966636972871096,0.0432738526262825,1.60612363377868,-38.7622919281707
0.277016,0.966458745301362,0.0433132670427086,1.59724578511763,-38.4586500443016
0.277828,0.96638458035195,0.0433340836437008,1.59392482659205,-38.3388567962132
0.27864,0.966278209257301,0.043318411072634,1.5849050471408,-38.0942575021416
0.279452,0.966216349235262,0.0433340878316213,1.58193269656488,-37.9910273144595
0.280264,0.966190076646239,0.0431984465777132,1.56737348489705,-37.7177959758626
0.281076,0.965941155617418,0.043304902096261,1.55922125020383,-37.3685074642947
0.281888,0.965879378711437,0.0433340154565177,1.55742840892616,-37.2860965882317
0.2827,0.965777347879104,0.0433198047651653,1.54853085305369,-37.0469496593635
0.283512,0.96570842931194,0.043334086675144,1.54475661342507,-36.9243659605175
0.284324,0.965642150841591,0.043266419638454,1.53331101612094,-36.669746496704
0.285136,0.965490671147857,0.043334086954891,1.52835349560686,-36.4590793419988
0.285948,0.965462258939336,0.0432764412936992,1.52061940304147,-36.2999318500023
0.28676,0.96529968380961,0.0433141397200474,1.51178376012725,-36.0125052775794
0.287572,0.965232620686052,0.0433340837095992,1.50853592280494,-35.9011203527181
0.288384,0.96513871049701,0.0433190345834491,1.49974075015033,-35.670002712327
0.289196,0.96508316176218,0.0433340877346002,1.4968643905304,-35.5745821792528
0.290008,0.965070002581898,0.0432036008624396,1.48293327188918,-35.3157453612697
0.29082,0.964838165131947,0.0433059765150554,1.47460536815596,-34.9834297774114
0.291632,0.964781731294631,0.0433340421232243,1.4728702644112,-34.9080200916136
0.292444,0.9646915043571,0.0433203124155893,1.46418709004499,-34.6815516356405
0.293256,0.964629549092144,0.0433340865982627,1.46052732943744,-34.567445864992
0.294068,0.964575438968812,0.0432686821773148,1.44946249395496,-34.3258015864023
0.29488,0.964434463664747,0.0433340864747275,1.44445901242504,-34.1264846888201
0.295692,0.96441430382788,0.0432782585626178,1.4370668921511,-33.9769651195294
0.296504,0.964264994974144,0.0433147478194921,1.42827938988169,-33.7030742879283
0.297316,0.964204276779268,0.0433340838475072,1.42514091801778,-33.5997638262458
0.298128,0.964121256261483,0.0433194602497521,1.416553267354,-33.3802192453447
0.29894,0.964071417152291,0.0433340876501586,1.41380896513375,-33.2924772181904
0.299752,0.964070274956672,0.0432070646459515,1.4004081569718,-33.0457839970638
0.300564,0.963852502567243,0.0433066903284202,1.3919333834387,-32.7272601807273
0.301376,0.963800911444509,0.043334055444931,1.39030369627512,-32.658990773897
0.302188,0.96372101581487,0.0433206380841651,1.38181637178051,-32.4433767773698
0.303,0.963665298113645,0.0433340865470919,1.37830087250593,-32.337421164319
0.303812,0.963622148854011,0.0432700843304278,1.36756128463234,-32.10675156236
0.304624,0.963489951933647,0.0433340858324113,1.36254699157886,-31.9173456600593
0.305436,0.963477533578308,0.0432793370894254,1.35547377778145,-31.776680143987
0.306248,0.963339399794183,0.0433150986024442,1.34672726458362,-31.5139047066645
0.30706,0.963284362344085,0.0433340840306713,1.34373389062533,-31.418525480399
0.307872,0.96321093985239,0.0433196868245422,1.3353316922597,-31.2088624657534
0.308684,0.963166300625326,0.0433340875764199,1.33275824580481,-31.1288939363626
0.309496,0.963176589685415,0.0432087874449574,1.31979027094406,-30.8922939239024
0.310308,0.962970000339845,0.0433070258024541,1.31117473627513,-30.5845028842796
0.31112,0.962922800600623,0.0433340634401337,1.30970399704489,-30.5237817347737
0.311932,0.96285202714383,0.0433207712262997,1.30138815845146,-30.317374662626
0.312744,0.962801937291055,0.0433340865181299,1.29805054943205,-30.2195049638713
0.313556,0.962768926621561,0.0432705455073679,1.28757500147804,-29.9979465427342
0.314368,0.962643818027706,0.0433340849431579,1.28257831789116,-29.8171837771864
0.31518,0.962638956265189,0.0432795838037775,1.2758045117128,-29.6848445163896
0.315992,0.962510021725858,0.0433151552642513,1.26707665968508,-29.4307870591296
0.316804,0.962460102162807,0.0433340842376689,1.26427258440495,-29.3435389238862
0.317616,0.962395222221293,0.0433196764545858,1.25602636706021,-29.142165542044
0.318428,0.962355391358018,0.0433340875121251,1.25367564384999,-29.0704888586611
0.31924,0.962377187359554,0.0432083977696617,1.24103017421465,-28.8419483285298
0.320052,0.962178679385589,0.0433068935441894,1.2322535913856,-28.5415659355462
0.320864,0.962135492664046,0.0433340686070384,1.23101492939755,-28.4893394650843
0.321676,0.962072850699929,0.0433206594748827,1.22283673032658,-28.2905268993208
0.322488,0.962027913333794,0.0433340865066658,1.21972564541535,-28.201151404064
0.3233,0.96200469730447,0.0432697609279875,1.20943621183067,-27.9867800934367
0.324112,0.961884792126225,0.0433340836562156,1.20448455615487,-27.8134949083293
0.324924,0.961887835509929,0.0432786825412512,1.19799522480876,-27.6893223628579
0.325736,0.961765970259901,0.0433147966216293,1.18923920258184,-27.4412120838796
0.326548,0.961720727974684,0.0433340844497118,1.1866948251592,-27.3629853918337
0.32736,0.961663560866688,0.0433193058243454,1.17856005037129,-27.1682142037685
0.328172,0.9616283326899,0.0433340874567534,1.1765211152819,-27.1062775116221
0.328984,0.961662933025115,0.0432047341696427,1.1640436125458,-26.8834315962863
0.329796,0.9614683426842,0.0433060137355436,1.15503871477951,-26.5859234852823
0.330608,0.961428921046556,0.0433340720933097,1.15416252776799,-26.544456432403
0.33142,0.961373625355489,0.0433201316422958,1.14606511446698,-26.3513480980228
0.332232,0.961333593820781,0.0433340865066769,1.14327724935177,-26.2720495746622
0.333044,0.961320780629541,0.0432666938954829,1.13304204595886,-26.0623563259901
0.333856,0.961203278144211,0.043334081697552,1.12817552585446,-25.8953378406931
0.334668,0.961216015484255,0.0432754795672754,1.12196387324424,-25.7800896986965
0.33548,0.961098019376424,0.0433135575725105,1.11306237352353,-25.5333148784235
0.336292,0.961057300583004,0.0433340846515439,1.11094924295838,-25.4672818357654
0.337104,0.961007505084565,0.043317858724286,1.10281966499089,-25.2765113787524
0.337916,0.960976939097216,0.0433340875134282,1.10132078995261,-25.2287768248007
0.338728,0.961029920400058,0.0431929069867182,1.0886806013474,-25.0078718360866
0.33954,0.960830079469493,0.0433030890688752,1.07920322917549,-24.7026994587708
0.340352,0.960794690583996,0.0433340744319018,1.0790819998075,-24.6799276621974
0.341164,0.960746301237727,0.0433182144283146,1.07089075145947,-24.4884873624195
0.341976,0.960712092780256,0.0433340865010678,1.06881538597514,-24.4274647129318
0.342788,0.960716114516957,0.0432536444776427,1.05813010593927,-24.2155279083455
0.3436,0.96059081582303,0.0433340788481286,1.05351290624401,-24.0522422343051
0.344412,0.9606296770359,0.0432569865856138,1.04761320991273,-23.9554391873569
0.345224,0.960498689543359,0.0433041829916888,1.03744632383852,-23.6778062247963
0.346036,0.96046918547557,0.0433340847235367,1.03788860970497,-23.670400790878
0.346848,0.960477817288703,0.0432459320016485,1.02637607016801,-23.4428890340099
0.34766,0.960347903808689,0.043334087205816,1.02201754542543,-23.2838234186902
0.348472,0.960373497152492,0.0432711713466315,1.01626842340328,-23.1814817789223
0.349284,0.960260788599112,0.0433138764487448,1.00746321637173,-22.9423063297857
0.350096,0.960223593525733,0.0433340766827897,1.00543214340373,-22.881211678684
0.350908,0.960181137843724,0.0433212650701312,0.997791799610537,-22.7036320207194
0.35172,0.960147998765195,0.0433340865234514,0.995185531262496,-22.6331427300205
0.352532,0.96015303224233,0.0432637749605261,0.985363734209923,-22.4361054662443
0.353344,0.960041618602078,0.0433340728951882,0.980544045054753,-22.2795694667431
0.354156,0.960077576799506,0.0432637486167207,0.974899089090854,-22.1832856185037
0.354968,0.959960843777555,0.0433063703786931,0.965008091272793,-21.9209553742819
0.35578,0.959931833289787,0.0433340847907725,0.965159525466349,-21.9091287703101
0.356592,0.959945445440726,0.043250289027583,0.954167994157982,-21.6913551692812
0.357404,0.959823467347966,0.043334086797963,0.949681936848161,-21.5375539122623
0.358216,0.959851251621772,0.0432731820581225,0.944172510124803,-21.438708320414
0.359028,0.959746778764066,0.0433143302070991,0.935421522075046,-21.2067846050698
0.35984,0.959711990248868,0.0433340785077108,0.93344198372814,-21.148840458811
0.360652,0.959674996427498,0.04332132746151,0.925940531698833,-20.976456585644
0.361464,0.959644712776178,0.0433340865605137,0.923480818611419,-20.9109805935094
0.362276,0.95965707547133,0.0432628411580138,0.913845002077967,-20.7186544953805
0.363088,0.959548640886543,0.0433340525941506,0.909027720368089,-20.5666423119671
0.3639,0.959591367616671,0.0432614855144836,0.903667919828586,-20.4767244524802
0.364712,0.959478880132058,0.043305142072983,0.893584694729954,-20.2144279536228
0.365524,0.959451751239061,0.0433340848697835,0.894187312832589,-20.2139575673258
0.366336,0.959476876170981,0.0432440651458851,0.883092575461221,-19.9962895869592
0.367148,0.959352342229124,0.0433340863367383,0.878654041975061,-19.8457940198795
0.36796,0.959392179982154,0.0432659503716749,0.87343375360139,-19.7561950477844
0.368772,0.959286078109998,0.0433113006268613,0.864221675477029,-19.5157843148489
0.369584,0.959254268698459,0.0433340798639711,0.863012550901382,-19.4760476582352
0.370396,0.959223773604189,0.0433176784647325,0.855243768866238,-19.3007181108376
0.371208,0.95920075690931,0.0433340866195804,0.854341526001726,-19.2714836733206
0.37202,0.959276958153095,0.0431964245349335,0.842813642215267,-19.0658803262017
0.372832,0.959103300892443,0.0433049169001858,0.833109063319373,-18.7855452445888
0.373644,0.959073056326472,0.0433333818158629,0.833104596468755,-18.7720252718978
0.374456,0.959042467562477,0.0433197985668036,0.825519369512908,-18.600254728369
0.375268,0.959014951046325,0.043334084962321,0.823420332091769,-18.5443455230675
0.37608,0.95903090290594,0.0432676459322021,0.814118523487938,-18.3568371559064
0.376892,0.958932377530202,0.0433340857878859,0.809249084332441,-18.2122775439126
0.377704,0.958961979626723,0.043278079536287,0.804100813283198,-18.1172016749819
0.378516,0.958873606795493,0.0433147882111205,0.795399741374876,-17.8970798365533
0.379328,0.958843129767199,0.0433340807938224,0.793610927479135,-17.8466722282888
0.38014,0.958816751231214,0.0433196173800408,0.786198203506187,-17.6800537730768
0.380952,0.958794176593246,0.043334086605497,0.784886560385909,-17.6430728016896
0.381764,0.958866473448822,0.0432093380669251,0.774221097594452,-17.4488270499337
0.382576,0.958711356656408,0.0433072673450446,0.764688081138296,-17.1841925043724
0.383388,0.958681238518601,0.0433340146947856,0.764318113911124,-17.1641341819435
0.3842,0.958655493095351,0.0433209698560148,0.75699328436268,-16.999427805538
0.385012,0.958629575689227,0.0433340851073736,0.754721741408976,-16.9411200043465
0.385824,0.95864763225139,0.0432719442603479,0.745841399004947,-16.7609558888562
0.386636,0.958556544633124,0.0433340849533981,0.740901409348007,-16.6205133123588
0.387448,0.958586066084531,0.0432810856227597,0.735916941813531,-16.526807305223
0.38826,0.958505652107959,0.0433157279395549,0.727364704085159,-16.3145155952122
0.389072,0.95847684078264,0.0433340816665028,0.725486109101471,-16.2636242966045
0.389884,0.958454565368535,0.0433201882153136,0.71824836040556,-16.1018665042839
0.390696,0.958433155781324,0.043334086624731,0.716883919309455,-16.064788428994
0.391508,0.958507949201343,0.0432133293723548,0.706656901638469,-15.8762313695321
0.39232,0.95836208460879,0.0433080158745175,0.69711285478175,-15.6187338692009
0.393132,0.958332875217699,0.0433340503564924,0.696686963935799,-15.5988448985011
0.393944,0.958311240399695,0.0433212535234228,0.689497649720861,-15.4381668744481
0.394756,0.958287067964666,0.0433340852771046,0.687256728318284,-15.381683325764
0.395568,0.958309325153674,0.0432728313208765,0.678599043383855,-15.2055962280404
0.39638,0.958222137902257,0.0433340837192736,0.673632475052102,-15.0684144015801
0.397192,0.958254203868964,0.0432814787794672,0.668828237421506,-14.9775531996495
0.398004,0.958178877592806,0.0433157967759716,0.660288902310818,-14.7687797283872
0.398816,0.958151603770492,0.0433340824169613,0.658486061525592,-14.7207600180778
0.399628,0.958133398608071,0.0433201272100769,0.65134236513772,-14.5620284293551
0.40044,0.958113297371069,0.0433340866516842,0.65010153493214,-14.528580785375
0.401252,0.958194643739246,0.0432120133739393,0.640097272883171,-14.3427179740228
0.402064,0.958052620511816,0.0433076237054467,0.630374334836139,-14.086356984758
0.402876,0.958024111283219,0.0433340628569325,0.630106816080468,-14.0710607942961
0.403688,0.9580065493133,0.0433209546707293,0.62297358633007,-13.9125823313828
0.4045,0.957984039465182,0.0433340854436345,0.62090589616642,-13.8608651576474
0.405312,0.958012540062305,0.0432708073975597,0.612321460986754,-13.6862785194991
0.406124,0.95792617771732,0.0433340818009784,0.607348090221338,-13.5515421413651
0.406936,0.957963496568042,0.0432791637959097,0.602754933544523,-13.4650474106163
0.407748,0.957890571975392,0.0433148727530311,0.594060936753655,-13.2550982836697
0.40856,0.957864490158039,0.0433340830405701,0.592530390211876,-13.2139956284676
0.409372,0.957850643434416,0.0433191729748116,0.585379614334098,-13.0560766853273
0.410184,0.957831876334488,0.0433340866932184,0.584535555969443,-13.0320941832676
0.410996,0.957927512896229,0.0432017300096014,0.574461177295031,-12.8448455529957
0.411808,0.95778081238163,0.0433050654889406,0.564191393888562,-12.5788589504468
0.41262,0.957752250137648,0.0433340691293771,0.564504354137502,-12.5770076401519
0.413432,0.957739357915514,0.0433192479241552,0.557254624622698,-12.4170425848154
0.414244,0.957718398463916,0.0433340855946741,0.555763289273391,-12.3787023966247
0.415056,0.957761454099798,0.0432589945332643,0.546849712739139,-12.1991225368377
0.415868,0.957665917388267,0.0433340786631242,0.541908671792776,-12.0647478596202
0.41668,0.95772412120112,0.043262208156272,0.537767757612496,-11.9921111363361
0.417492,0.957641955064984,0.0433062306785084,0.527678219957097,-11.7507232033818
0.418304,0.957616352462688,0.0433340835143477,0.528475869761064,-11.7607478907251
0.419116,0.957665165278846,0.0432523211269655,0.518825588463089,-11.5657324889491
0.419928,0.957564604412372,0.0433340869565829,0.514057532439206,-11.4348694052603
0.42074,0.957610108567255,0.0432748699587677,0.509796882311588,-11.355103089152
0.421552,0.957538747688318,0.0433151651848038,0.501114039441657,-11.1478470896986
0.422364,0.957514022358224,0.0433340729815266,0.499537571437293,-11.1071297563408
0.423176,0.9575030848234,0.0433221088739422,0.492746577742065,-10.9571924072636
0.423988,0.957483831866102,0.043334085730559,0.490663556702481,-10.907029710402
0.4248,0.957523189544719,0.0432684758569837,0.482419911903219,-10.7384935346002
0.425612,0.957439687937913,0.0433340732565221,0.477368805920491,-10.6075407948107
0.426424,0.957493206442,0.043268482471668,0.473288438825171,-10.5325553258356
0.427236,0.957421340070781,0.0433082390749191,0.463523686797743,-10.3024996404413
0.428048,0.957396417408965,0.0433340837502325,0.463959586544101,-10.3058051449305
0.42886,0.957446739237475,0.0432559756923759,0.454698026177601,-10.1168684831587
0.429672,0.9573521003397,0.0433340862552008,0.449793060804723,-9.98738770437712
0.430484,0.957397262618376,0.0432772793810779,0.445685181649641,-9.90884621989513
0.431296,0.957332223751465,0.0433156641197597,0.437068674190152,-9.70604568798313
0.432108,0.957308676979883,0.0433340761584448,0.435444822502677,-9.66525036656636
0.43292,0.957300940460831,0.0433221882747401,0.428737194247479,-9.51753137927055
0.433732,0.957282932913238,0.0433340858798225,0.426708231526906,-9.46927110350744
0.434544,0.957326909110195,0.0432676735421793,0.418599965528795,-9.30254508252121
0.435356,0.957245073874127,0.0433340555460751,0.413498181732635,-9.17319424366699
0.436168,0.957302792502687,0.0432664115703799,0.409628570124379,-9.10150060787077
0.43698,0.957233977017782,0.0433071074995556,0.39965091620502,-8.86894447158544
0.437792,0.95720872435239,0.04333408399214,0.40041374212534,-8.880196871201
0.438604,0.957268450383486,0.0432502156707917,0.391069272842292,-8.68883745332026
0.439416,0.957170351741718,0.0433340857274348,0.386095517730553,-8.5598831823136
0.440228,0.957224555678659,0.0432706357613115,0.382268605220001,-8.48741525014456
0.44104,0.957158292027854,0.0433128807864997,0.373130573842123,-8.27437309499208
0.441852,0.957134326031441,0.0433340783478641,0.372134926400959,-8.24786747834056
0.442664,0.957132223355292,0.0433188518038541,0.365158824191592,-8.09505284285201
0.443476,0.957115198395033,0.0433340860748007,0.364504731187361,-8.07745140074907
0.444288,0.957220661898643,0.0432074147826234,0.355298894395657,-7.89624277338114
0.4451,0.957094934613957,0.043307737701786,0.345070274194937,-7.64865578198469
0.445912,0.957071381403409,0.0433310190467002,0.345051696734987,-7.64391841596592
0.446724,0.957066110006329,0.0433201989221355,0.33807224095019,-7.4902484545542
0.447536,0.957048209719581,0.0433340842529022,0.336375941573917,-7.44991051022733
0.448348,0.957093879791201,0.0432709555554076,0.328390275282575,-7.28309789129027
0.44916,0.957018799676021,0.0433340851102308,0.323238659404812,-7.15717902026199
0.449972,0.957063603321908,0.0432810778792131,0.319270830264849,-7.07790729433478
0.450784,0.957010151387158,0.0433158357614303,0.310659638164025,-6.88013192805338
0.451596,0.956988513284267,0.0433340797301365,0.309113019486568,-6.84266385039371
0.452408,0.956988339315029,0.043320409090197,0.302383612719662,-6.69513165796218
0.45322,0.956972444728989,0.0433340861187565,0.301349832016432,-6.66991182925641
0.454032,0.957073719720543,0.0432162200047719,0.292693452295477,-6.49591792069026
0.454844,0.956960734399532,0.0433087431854849,0.282529304312933,-6.25523096388443
0.455656,0.956934788069523,0.0433340125958876,0.282261725457781,-6.24545449814573
0.456468,0.956934577580745,0.0433216836038681,0.275580069067398,-6.09878714792069
0.45728,0.956918385184476,0.0433340845195894,0.273581392394531,-6.05254747821024
0.458092,0.956963534618514,0.0432753035876056,0.26592687909397,-5.89089619768923
0.458904,0.956895117677127,0.0433340841212987,0.260708163821445,-5.76661968398532
0.459716,0.956938687730684,0.0432839174054519,0.25678384894222,-5.68639458115653
0.460528,0.956891252215961,0.0433167015111581,0.248310941945035,-5.49373072499859
0.46134,0.956870943071484,0.0433340809486347,0.246611970354349,-5.45371688709069
0.462152,0.95687328953608,0.0433209097241798,0.239991599768631,-5.3085163485168
0.462964,0.956858190142436,0.0433340862087682,0.238841411463624,-5.28130774564682
0.463776,0.956959974526294,0.0432195673103334,0.230495564242283,-5.11035106233583
0.464588,0.956854318798053,0.0433093495362332,0.220331938433399,-4.87376306785428
0.4654,0.956828954763224,0.043334050542116,0.219951769402889,-4.86242425397861
0.466212,0.956831484655369,0.0433218968310921,0.213341630111361,-4.71729855334947
0.467024,0.956816345397305,0.0433340848207851,0.211314213609555,-4.67097834053328
0.467836,0.956864250179061,0.0432758518916294,0.203800854942937,-4.5108514865171
0.468648,0.956798652918513,0.0433340826088625,0.198519484659235,-4.38750625185775
0.46946,0.956843796351837,0.0432840240917254,0.194697524637086,-4.30806554773105
0.470272,0.956800116541937,0.0433166709809188,0.186191583174485,-4.11622469464492
0.471084,0.956780554851175,0.0433340819442902,0.184510486394373,-4.07727167278399
0.471896,0.95678585140282,0.0433207690338181,0.177922697915344,-3.93269538722617
0.472708,0.956771200148504,0.0433340863016917,0.176836073622244,-3.90737695458843
0.47352,0.956878389522068,0.0432176281294437,0.168645230340256,-3.73660464826483
0.474332,0.956775526934009,0.043308823787988,0.158253662108177,-3.49829763136978
0.475144,0.956749935348525,0.0433340633524079,0.157971585764641,-3.48992452763009
0.475956,0.95675559682081,0.0433215337469736,0.151359273351208,-3.34466327086145
0.476768,0.956741081874402,0.0433340850991491,0.149444686226398,-3.30130085891042
0.47758,0.956794386354054,0.043273529783538,0.141956608034309,-3.14028396119951
0.478392,0.956728709102868,0.0433340801685408,0.136597725314195,-3.01719250212754
0.479204,0.956778085548368,0.04328146356752,0.132944787058472,-2.94015904700631
0.480016,0.956736275023157,0.0433156619507792,0.124214464474862,-2.74463896431913
0.480828,0.95671660646374,0.0433340827378708,0.122741534240466,-2.71085921752906
0.48164,0.956725649230477,0.0433197112732494,0.116094591746074,-2.56483015343075
0.482452,0.956710666509594,0.0433340864090664,0.115334899788333,-2.54714977511292
0.483264,0.956831741885305,0.0432069744172748,0.10711405509569,-2.37275046877396
0.484076,0.956724862220049,0.0433061893396636,0.0960468181826483,-2.12236067790067
0.484888,0.956697100067398,0.0433340695694365,0.0962615725490246,-2.12567743313539
0.4857,0.95670714847938,0.0433197989739424,0.0894916871415508,-1.97679334286083
0.486512,0.956692008122911,0.0433340853348008,0.0880778786743425,-1.94487902032603
0.487324,0.956760063850536,0.0432616755064364,0.0803260839772168,-1.77674770597537
0.488136,0.956684750282704,0.043334076178148,0.0748178414952998,-1.6519790447075
0.488948,0.956752678290966,0.0432646603600247,0.0717411940862833,-1.58668379576309
0.48976,0.956705568795577,0.0433071482101862,0.0614736277079,-1.35815127818191
0.490572,0.956678914457117,0.0433340832488005,0.0621684646943647,-1.37261325430383
0.491384,0.956755074531328,0.0432546498771427,0.0537230728305199,-1.18839247921538
0.492196,0.956673746148422,0.0433340862934262,0.0482613539382531,-1.06551285845094
0.493008,0.956729552269387,0.0432772446427144,0.044927434757621,-0.993259933637082
0.49382,0.956688554810147,0.0433158272087123,0.03609123901187,-0.797149429706443
0.494632,0.956669927108841,0.043334073800454,0.0344937700072316,-0.761528265183305
0.495444,0.956680165289942,0.0433224881757295,0.0280873672053301,-0.620258715580235
0.496256,0.956668199186738,0.0433340855635942,0.0260666627678089,-0.575472296792673
0.497068,0.956730762002405,0.0432704291287909,0.01880681164254,-0.415831625255436
0.49788,0.956666522387558,0.0433340675251133,0.0132453809995876,-0.292413525829889
0.498692,0.956729991524176,0.0432703518027745,0.0100969739677322,-0.223249911540553
0.499504,0.956691049698681,0.0433089503718764,0.000144814354640606,-0.00319893684411142
0.500316,0.956665917075584,0.0433340836047339,0.000449809239948137,-0.009930224326861
0.501128,0.956742212694749,0.0432579876292158,-0.007711507212247,0.170556601259978
0.50194,0.95666650796727,0.0433340858105399,-0.0132887049791671,0.293369853901769
0.502752,0.956722247497507,0.0432786784619571,-0.016583467929805,0.366598087239036
0.503564,0.956686074323123,0.0433160980613249,-0.0254120949263847,0.561264436334465
0.504376,0.956668389455906,0.0433340769064791,-0.0270828248854877,0.597907088442887
0.505188,0.956681324010311,0.0433224442320099,-0.0334711343828445,0.739157176593476
0.506,0.956670146265518,0.0433340857917133,-0.0354761520960529,0.783217871809144
0.506812,0.956737180820312,0.0432689497796924,-0.0426643956458404,0.94341218231833
0.507624,0.95667383572416,0.0433340234049531,-0.048343459030471,1.06732743062591
0.508436,0.956741126242265,0.0432677404438621,-0.0513075111340136,1.1345914356275
0.509248,0.956705157625438,0.0433075932757402,-0.0615558154414797,1.35995284782286
0.51006,0.95667841563031,0.0433340839328149,-0.0609657007671016,1.34605186431313
0.510872,0.956764635721404,0.0432515116608031,-0.0692223388815462,1.53144604364167
0.511684,0.956684825449452,0.0433340852677809,-0.0749850438361878,1.65567168228871
0.512496,0.956749034010827,0.0432714456114487,-0.0779738411141044,1.72429266345535
0.513308,0.956712622575733,0.0433131122657808,-0.087448596861299,1.93195536943944
0.51412,0.95669229418105,0.0433340789070928,-0.0885484015132944,1.95527369391821
0.514932,0.956711583221551,0.0433189381131794,-0.0952382298316263,2.10383628201499
0.515744,0.956696853579445,0.0433340859685879,-0.0959057791801114,2.11781576827222
0.516556,0.956829667391369,0.0432065555571521,-0.103608658746799,2.29507534790662
0.517368,0.956737639743159,0.0433069263043857,-0.115056260344053,2.5426584122637
0.51818,0.95671065509804,0.0433339395606553,-0.115130700107872,2.54264569562405
0.518992,0.956728907992324,0.0433209576632651,-0.121721709250781,2.68916855850089
0.519804,0.956717312997894,0.0433340842884142,-0.123595309771796,2.72973175322166
0.520616,0.956785001614342,0.0432726001906527,-0.13074061177595,2.89198426852677
0.521428,0.956728611971344,0.0433340845233352,-0.136496857223252,3.0149618466524
0.52224,0.956783780572612,0.0432820924306249,-0.139821316099688,3.09235523712364
0.523052,0.95675830583987,0.0433161442950021,-0.14869883960318,3.28622791462031
0.523864,0.956742062521811,0.0433340803638449,-0.150410764628367,3.32266957124589
0.524676,0.956762307279885,0.0433205920783259,-0.156910008017605,3.46756750891414
0.525488,0.956750007997819,0.0433340861175409,-0.158061229069869,3.49190581540385
0.5263,0.956874754425236,0.0432175325536264,-0.16534019992207,3.66326985009897
0.527112,0.95679588723842,0.0433089911208167,-0.176439997592034,3.90097505890504
0.527924,0.956771401758339,0.0433340379838477,-0.176964485181474,3.91022393614989
0.528736,0.956791576184477,0.0433217885120888,-0.183458123101089,4.05517697810004
0.529548,0.956781871410698,0.043334084677051,-0.18556762922355,4.10067734535084
0.53036,0.956849337700798,0.0432756732147076,-0.192529850640917,4.260860890768
0.531172,0.956798447315138,0.043334083354503,-0.198366490382709,4.38411728126962
0.531984,0.956853070492045,0.0432841452371041,-0.201714507788077,4.46366966070911
0.532796,0.956832600338434,0.0433167631092097,-0.210520965112913,4.65534958353904
0.533608,0.956817903644017,0.0433340815813328,-0.212401501741697,4.69507392090712
0.53442,0.956840517258556,0.0433209256660937,-0.218862568716112,4.83981608477481
0.535232,0.956829218420464,0.0433340862647312,-0.220153341235208,4.8668884012559
0.536044,0.956954895240775,0.0432195795261339,-0.227227041939471,5.03766764341682
0.536856,0.956882331540357,0.0433093278419655,-0.238387472918065,5.27439714446118
0.537668,0.956858548155916,0.0433340588783705,-0.239046129792146,5.28585269825328
0.53848,0.956881423667824,0.0433218670558689,-0.245533738732486,5.43139572290433
0.539292,0.956872768357427,0.0433340850397857,-0.247706911513063,5.47801473520414
0.540104,0.956943265796746,0.0432755995104539,-0.25459806457923,5.63894812340001
0.540916,0.95689484477358,0.0433340815377737,-0.260551883074304,5.76314991116727
0.541728,0.956951328906361,0.0432837192938876,-0.263841701609669,5.8433283825745
0.54254,0.956934506236103,0.043316546260104,-0.272757018796496,6.03679618039502
0.543352,0.956920381449276,0.0433340825556216,-0.274656339774724,6.07643115980082
0.544164,0.956946133563877,0.0433206251101795,-0.281145637524858,6.22266597457394
0.544976,0.956934992492255,0.0433340864026297,-0.282407525694452,6.24868401903012
0.545788,0.957067006273792,0.04321635056841,-0.289364174899804,6.421652453921
0.5466,0.956997222123183,0.0433085132965619,-0.300866945592322,6.66329878809909
0.547412,0.956972687596477,0.0433340677092396,-0.301459649889004,6.67235804957129
0.548224,0.956999039529329,0.0433213448191429,-0.308009821586835,6.82021624115637
0.549036,0.956990588544411,0.0433340853700339,-0.310104339933386,6.86472744535839
0.549848,0.957067484884845,0.0432723823449212,-0.317009678012151,7.02897452202806
0.55066,0.957018578137568,0.0433340785430143,-0.323134610862923,7.15486256527691
0.551472,0.957079872409857,0.0432801194677279,-0.32624940919698,7.23371643526185
0.552284,0.957065487549421,0.0433150625258778,-0.3355342154775,7.43457995179474
0.553096,0.957050097812056,0.0433340833688646,-0.33720116429788,7.46830603533735
0.553908,0.95708306526067,0.0433166497317068,-0.343844361153257,7.61964904525538
0.55472,0.957068349406829,0.0433340876500266,-0.345080139912799,7.64398334756914
0.555532,0.957211475438777,0.0432082063628302,-0.351819904521338,7.81822032156268
0.556344,0.957142187315075,0.0433061861945752,-0.364013952009298,8.0719639562421
0.557156,0.957114648936437,0.0433340723440659,-0.364277437168429,8.07237892238274
0.557968,0.957146026032757,0.0433196809370401,-0.371003422745775,8.22546869276083
0.55878,0.957135772449157,0.0433340856260148,-0.372708549673075,8.26068081550241
0.559592,0.957228065008892,0.0432607681319936,-0.379776266654821,8.43364337396676
0.560404,0.957170728777248,0.0433340738635531,-0.386234296123452,8.56298877479115
0.561216,0.957248502405056,0.0432635929132062,-0.388663578801455,8.63210690940493
0.562028,0.957234173300758,0.0433066973869898,-0.399570491158794,8.86723182297009
0.56284,0.957205707864356,0.0433340837413848,-0.399307128787939,8.85542963282035
0.563652,0.957309022172169,0.0432530944033661,-0.407022698634472,9.04598175231557
0.564464,0.957245192354074,0.0433340862468307,-0.413551199587117,9.17437513551053
0.565276,0.957311988126632,0.0432761626548135,-0.416389651206452,9.25101696678004
0.566088,0.957299353945639,0.0433154463974897,-0.425850002847716,9.45431885381952
0.5669,0.957286154814865,0.0433340761424305,-0.427808750707769,9.49395285416085
0.567712,0.957317222303077,0.0433222215934226,-0.434268978793588,9.64165176850372
0.568524,0.957312057066953,0.0433340859009465,-0.436582245601778,9.69077196936869
0.569336,0.957398631224325,0.0432688390510915,-0.443317154087255,9.85762832151083
0.570148,0.957352155473705,0.0433340602009851,-0.44980236629012,9.98760308903252
0.57096,0.957426667646052,0.0432686825357719,-0.452400147996018,10.0620088958014
0.571772,0.95741976175464,0.0433082670981469,-0.463035659932475,10.2915106315907
0.572584,0.957393931913381,0.0433340841424963,-0.463177034420552,10.2882063911912
0.573396,0.957497766853889,0.0432557735106358,-0.470701484712703,10.4774974039416
0.574208,0.957439697205573,0.0433340858285092,-0.47737554972445,10.6076893710377
0.57502,0.957507269367042,0.0432769937999464,-0.480231651528896,10.6869019282407
0.575832,0.957499701841548,0.0433155308357064,-0.489755274200816,10.8914962461863
0.576644,0.957487761460492,0.0433340786878374,-0.491826427528248,10.9332439055356
0.577456,0.957522151391081,0.0433220495061179,-0.49832867378017,11.0831195329134
0.578268,0.957517888124468,0.0433340861696107,-0.500666400084017,11.1325908230865
0.57908,0.957610278472369,0.043266360716768,-0.507363471137085,11.3024413266744
0.579892,0.95756498096935,0.0433338390614112,-0.514092356527469,11.4357253345622
0.580704,0.95764299737747,0.0432658862901272,-0.516501244591425,11.5092796396038
0.581516,0.957640780553794,0.0433067467389536,-0.527500496970599,11.7465526577774
0.582328,0.957612555446727,0.0433340845061132,-0.527432174997837,11.737143822167
0.58314,0.957727867741034,0.0432486157737883,-0.535021643796345,11.933824091189
0.583952,0.957666359082003,0.0433340853730605,-0.542028655379823,12.0674629855928
0.584764,0.957742328789682,0.0432691403441836,-0.544536986873335,12.1436051772599
0.585576,0.957737147236269,0.0433123216936244,-0.554829893714976,12.3641380412201
0.586388,0.957720916977927,0.0433340802992871,-0.55641751727961,12.3935398782673
0.5872,0.95776346373918,0.043318343159577,-0.563238733549402,12.5531298008995
0.588012,0.957751537619057,0.0433340863521099,-0.564326284854871,12.5729609059187
0.588824,0.957913591641092,0.0432013217198802,-0.570854066276746,12.762762418269
0.589636,0.957858331164117,0.043305780591112,-0.5838761831904,13.0261598683624
0.590448,0.957831896569559,0.0433340001577274,-0.584518565164442,13.0317354819946
0.59126,0.957873455213526,0.0433204131415697,-0.591285206947692,13.1900880107102
0.592072,0.957868870069364,0.043334084909881,-0.593595946270495,13.2382504078227
0.592884,0.957963003360012,0.0432699237306193,-0.600359075775161,13.4134367409826
0.593696,0.957925493978286,0.0433340846757993,-0.607186661809077,13.5478609394337
0.594508,0.957994279382819,0.0432797639859218,-0.610200969938324,13.6348249462334
0.59532,0.957998957841263,0.0433153285845826,-0.619874012968419,13.8437029878953
0.596132,0.95798921035374,0.0433340816173223,-0.62210115747246,13.8881589640267
0.596944,0.958032987548607,0.0433199620316737,-0.628806092015708,14.0462158846549
0.597756,0.958025461657694,0.0433340865297239,-0.630420127771078,14.0782137974301
0.598568,0.95817948697694,0.0432119301207216,-0.63668179032029,14.2643617316184
0.59938,0.95813706749282,0.0433077689570052,-0.649330185161237,14.5203447661348
0.600192,0.95811498596404,0.0433340491829022,-0.650465078934497,14.5369228893306
0.601004,0.958159082164248,0.0433211813177965,-0.657202027356116,14.6960002763796
0.601816,0.958157646443677,0.0433340853102581,-0.659799001246611,14.750869621901
0.602628,0.958252231556956,0.0432727106956257,-0.666459302287842,14.9263336092771
0.60344,0.958221070377908,0.0433340836528115,-0.673405969866874,15.0632107395173
0.604252,0.958290340449283,0.0432815616047394,-0.676513356405876,15.1543019544011
0.605064,0.958300788122877,0.0433158579463245,-0.686166858908048,15.3635368624153
0.605876,0.958293643186684,0.0433340826941802,-0.688619513332253,15.4130488664868
0.606688,0.958340725175383,0.0433202260649478,-0.695345831093922,15.5732810378915
0.6075,0.958335149794592,0.0433340867037667,-0.697159718458585,15.6097237229456
0.608312,0.958491078733058,0.0432133546868212,-0.703266853640623,15.7977814494196
0.609124,0.958456166659932,0.043307971185045,-0.716038098150998,16.0556562657384
0.609936,0.958435646177943,0.0433340638274144,-0.717372693445211,16.0760891287829
0.610748,0.958483548794278,0.0433211901296553,-0.724160241201314,16.2381617438007
0.61156,0.958483997520643,0.0433340856747348,-0.726885719764492,16.2959953410496
0.612372,0.958582797470817,0.0432723027380216,-0.733515453446,16.4747204414253
0.613184,0.958555270063765,0.0433340821408252,-0.740657120625127,16.6148529300733
0.613996,0.958627274226939,0.0432808450011826,-0.743748642246922,16.7086430117685
0.614808,0.958642943251521,0.0433155406586538,-0.75357896626974,16.9223998549221
0.61562,0.958637070762517,0.0433340835583558,-0.756124019068323,16.9736855285844
0.616432,0.958688611080909,0.0433198517889616,-0.762929335605311,17.1378938354759
0.617244,0.958683723253465,0.0433340868704716,-0.764790953119092,17.1750981850637
0.618056,0.958847323135852,0.0432094780361557,-0.770763543838393,17.3680079987405
0.618868,0.958817644394661,0.0433070212723779,-0.783978883778191,17.6338219870704
0.61968,0.958796722236486,0.0433340707448783,-0.785339970324057,17.6536543550517
0.620492,0.958849593210806,0.0433206078182896,-0.792236205246852,17.8205727432047
0.621304,0.958850794984601,0.0433340860008705,-0.794968469746895,17.8783740439999
0.622116,0.958957436307035,0.0432688766718842,-0.801609531098811,18.0630202245629
0.622928,0.958931150506613,0.0433340798238082,-0.809035299233517,18.2072762901201
0.62374,0.959008291204214,0.0432772485198825,-0.811976168433483,18.3021651192943
0.624552,0.959029047317982,0.0433141436240103,-0.822223171853352,18.5255225836626
0.625364,0.959022422353856,0.0433340842605844,-0.82468891536044,18.5741075399461
0.626176,0.959080664585791,0.0433180121308995,-0.831643272243603,18.7449230019402
0.626988,0.959073871063973,0.0433340874389349,-0.833366839030449,18.7778542228602
0.6278,0.959254179974388,0.0431969752688401,-0.839144565552101,18.9789833179133
0.628612,0.959226990553587,0.043303918730325,-0.853380390218426,19.2634365479149
0.629424,0.959201406209109,0.0433340745971479,-0.85444526752904,19.2739351740261
0.630236,0.959261825924053,0.0433185905503098,-0.861567644601929,19.4495201595999
0.631048,0.959260179594322,0.0433340862728893,-0.863965486359762,19.498543355423
0.63186,0.959386084067969,0.043255342211514,-0.87066432845218,19.6958635945436
0.632672,0.959352537373331,0.0433340765530948,-0.878683193668173,19.8464889406619
0.633484,0.959446378982513,0.0432584190875186,-0.880718631730715,19.9326977331542
0.634296,0.959474636420839,0.0433046963891531,-0.89285398829572,20.1973023633187
0.635108,0.959447168961934,0.0433340846760929,-0.893478099274466,20.1971267536356
0.63592,0.959587523486944,0.0432471956436851,-0.900736796696816,20.4143059628896
0.636732,0.95954815540231,0.043334086889667,-0.908959626685004,20.5650041889081
0.637544,0.959632418379327,0.0432719470953379,-0.911603909463805,20.6604186325411
0.638356,0.959657920405261,0.0433140923545238,-0.922238871459009,20.8919360506929
0.639168,0.959655173207463,0.0433340777490192,-0.925036621142833,20.9481067884404
0.63998,0.959715698221955,0.0433213644054144,-0.931967677657317,21.1204188706594
0.640792,0.959722909423893,0.0433340865440722,-0.935048467349737,21.1872367676866
0.641604,0.959842930129761,0.0432641244211557,-0.941542817066405,21.3805653031175
0.642416,0.959822605855101,0.0433340693479241,-0.949554971769736,21.5345198766908
0.643228,0.959914817236272,0.0432639159210673,-0.951894394321632,21.6291810540468
0.64404,0.959951854606429,0.0433063946762309,-0.963739834314543,21.8904302827893
0.644852,0.959929795587958,0.0433340850658453,-0.964871229126932,21.9021974147371
0.645664,0.960071573156303,0.0432501178022299,-0.971988900592526,22.1207617656119
0.646476,0.960040593768787,0.0433340866589883,-0.980403822610204,22.2761803104
0.647288,0.960126997803737,0.0432728994383839,-0.983143559842719,22.3772012903703
0.6481,0.960160059413666,0.0433142082653312,-0.993870633644859,22.6128327445071
0.648912,0.9601604738663,0.0433340799709384,-0.9968844736182,22.6742413829764
0.649724,0.96022632816881,0.0433212114525666,-1.00390392309564,22.8517039317032
0.650536,0.96023610258457,0.043334086798442,-1.00711735443742,22.9220526985264
0.651348,0.960363297893188,0.0432619810160369,-1.01357303059485,23.1213673556664
0.65216,0.960347020249273,0.0433340417422704,-1.02189422886872,23.2808519244776
0.652972,0.960444367716449,0.0432604570375358,-1.02407909439189,23.3781226630736
0.653784,0.960489829681485,0.0433046868272635,-1.03636925200689,23.6512039891592
0.654596,0.960465627961154,0.0433340854255244,-1.0374273617421,23.6591473954885
0.655408,0.960621664799405,0.0432423896761542,-1.04452437389703,23.8887638932607
0.65622,0.960590386537938,0.0433340864221106,-1.05345932211269,24.0509258212108
0.657032,0.960685754979496,0.043264503980538,-1.05580820977012,24.1517395809144
0.657844,0.960726631642575,0.0433107842657935,-1.06740467703739,24.4074985440993
0.658656,0.960722328696382,0.0433340815140464,-1.07009381599767,24.4588729698491
0.659468,0.960799960211806,0.0433172599123689,-1.0774251038672,24.6498576589854
0.66028,0.960798563797257,0.0433340870313672,-1.0795622628299,24.6917434236643
0.661092,0.960999801756121,0.0431924155404991,-1.08494009767242,24.9155566373465
0.661904,0.961000233609353,0.0433039668458844,-1.10007822565348,25.2177330156533
0.662716,0.960982923649647,0.0433336856531534,-1.10198751288742,25.2455379736244
0.663528,0.961060132679796,0.0433194325620909,-1.10933352911479,25.4369002398233
0.66434,0.961071886244925,0.0433340857612376,-1.11268580038759,25.5103537992209
0.665152,0.961204306132522,0.0432656004456259,-1.11928346684658,25.7199683187736
0.665964,0.961200160189806,0.043334086171286,-1.12781164456004,25.8862746531703
0.666776,0.961291602671644,0.0432762198666058,-1.13089661988473,26.0023128800734
0.667588,0.961343108992165,0.0433141264351734,-1.14178640823053,26.2484721148032
0.6684,0.961350293183844,0.0433340825976146,-1.14519353493639,26.3199532021891
0.669212,0.961430976594728,0.0433190957749985,-1.15247485806584,26.5125558216577
0.670024,0.961438468454957,0.0433340872067768,-1.15524760541182,26.571639425892
0.670836,0.961631614795731,0.043204610304963,-1.16051871548033,26.7946598242287
0.671648,0.961647667757081,0.0433062314004043,-1.17515919384523,27.0917661034917
0.67246,0.961638946037149,0.0433340244276621,-1.17768770915708,27.1357241910475
0.673272,0.961721081534697,0.0433204530245408,-1.18503338713926,27.330809431773
0.674084,0.961739963118152,0.0433340861150661,-1.18879883025592,27.4161571358252
0.674896,0.961873996071544,0.0432694255950221,-1.19535662105819,27.6291113979231
0.675708,0.961880443184756,0.0433340858119136,-1.20401770908179,27.8016438963349
0.67652,0.961974485930319,0.0432789084756083,-1.20732996329182,27.9264010521394
0.677332,0.962035050582264,0.0433149709964405,-1.21816121018482,28.1755233907302
0.678144,0.96204885970915,0.0433340835344046,-1.22193471055228,28.2574734014404
0.678956,0.962135462101546,0.0433196191650555,-1.22927516125656,28.4557615616485
0.679768,0.962148898426095,0.0433340873862019,-1.23241457320425,28.5251151526518
0.68058,0.962343687376173,0.0432083633628853,-1.2375766667875,28.7531239962434
0.681392,0.962372431973566,0.0433069540775347,-1.25221034542465,29.0537644427604
0.682204,0.962369752974796,0.0433340546523717,-1.25513244391861,29.108002345151
0.683016,0.962458535746415,0.0433207481827872,-1.26255478005614,29.3096366340036
0.683828,0.962483368966649,0.043334086445511,-1.26661121634512,29.4039074402794
0.68464,0.962622871971761,0.0432705103707807,-1.27315598284366,29.623361380306
0.685452,0.962638395411523,0.0433340853743758,-1.28204318050528,29.8033012821697
0.686264,0.962736974395627,0.043279607074879,-1.28548119257594,29.9361762466725
0.687076,0.962807204983096,0.0433151739946442,-1.29640820450182,30.1920266434725
0.687888,0.962826897318837,0.0433340843092565,-1.30046937914366,30.2825714583228
0.6887,0.962920900339841,0.043319714328368,-1.30790216901787,30.4884286322974
0.689512,0.962939721411607,0.043334087557247,-1.31132703024821,30.5662229260639
0.690324,0.963140269869887,0.0432088015700354,-1.3163562881878,30.801857256956
0.691136,0.963181612367686,0.0433070012277317,-1.33118783483731,31.1102968413109
0.691948,0.963184189040471,0.0433340659171758,-1.33442717381833,31.1728875172635
0.69276,0.963280971053223,0.0433207335605157,-1.34195208166271,31.382780228684
0.693572,0.963311681856855,0.0433340867460974,-1.34625589096955,31.4852174735628
0.694384,0.96345897405552,0.0432702440121358,-1.35279041905495,31.7132135442275
0.695196,0.963483463910349,0.0433340848638554,-1.36195889467021,31.9017071624687
0.696008,0.963587942858609,0.0432792293104327,-1.36546828743131,32.0429039443824
0.69682,0.963668855903902,0.0433150159916663,-1.37657449769599,32.3080850427721
0.697632,0.963694396148909,0.0433340849482694,-1.38088971335319,32.4066647091374
0.698444,0.963797149983438,0.0433195494582062,-1.38843160191686,32.6216943328122
0.699256,0.963821342236712,0.0433340877193287,-1.39210273784288,32.7072689037586
0.700068,0.964030547508644,0.0432071152340814,-1.39696491392365,32.9526298892314
0.70088,0.964085255250797,0.0433066017351591,-1.41212711337446,33.2721213523347
0.701692,0.964092875572312,0.0433340717361013,-1.41564684455003,33.3422451290893
0.702504,0.964199014464631,0.0433205064838608,-1.42328796861934,33.5619959517607
0.703316,0.964235877749877,0.0433340870177588,-1.42781677955122,33.6725017354268
0.704128,0.964392963488759,0.0432690034614054,-1.43433185162035,33.9109080042167
0.70494,0.964426864251039,0.0433340842932918,-1.44382729415597,34.1092039426678
0.705752,0.964538491666497,0.0432780421723603,-1.44736467829732,34.2592729539842
0.706564,0.96463141698921,0.0433145810642091,-1.45870944678692,34.5361574195627
0.707376,0.964663069325813,0.0433340854778055,-1.46326080581442,34.6427244967931
0.708188,0.964776014669411,0.0433191749507145,-1.47091984958038,34.8685629562099
0.709,0.96480581364711,0.0433340878741061,-1.4748140562194,34.9617485724938
0.709812,0.965026237686233,0.0432036848922985,-1.47946179409716,35.2188868514136
0.710624,0.965095642580579,0.0433058289877407,-1.4950617054387,35.5524817340884
0.711436,0.965108362258759,0.0433340752504554,-1.49884136074027,35.6297979332338
0.712248,0.965225357734233,0.0433200971844216,-1.50660452295029,35.8611017037163
0.71306,0.96526885416645,0.0433340872630262,-1.51134422255948,35.9799118968952
0.713872,0.965437753307998,0.0432669005488648,-1.51781933719782,36.2306773814615
0.714684,0.965481883906863,0.0433340836946844,-1.52768519364396,36.4401930186955
0.715496,0.965601939876956,0.0432761174322034,-1.53120661080223,36.5999229685346
0.716308,0.965708544977087,0.0433138899500036,-1.54283830401171,36.8909743319269
0.71712,0.965746760106125,0.0433340859205205,-1.54761436653255,37.0057571567218
0.717932,0.965871537875665,0.0433185938865739,-1.55539109966304,37.2442112134462
0.718744,0.96590733295882,0.0433340880303374,-1.55949222334924,37.345106876454
0.719556,0.966141547461381,0.0431985672667643,-1.56386026071216,37.6162227414723
0.720368,0.966227512483209,0.0433046893813459,-1.57999680440468,37.9671414727988
0.72118,0.966245534999192,0.0433340775697931,-1.58402343843874,38.0515445351101
0.721992,0.966375121763198,0.0433195040016689,-1.59190707904455,38.2963109326466
0.722804,0.966425881258798,0.0433340874853452,-1.59684574999215,38.4238582312876
0.723616,0.966608821152359,0.0432639002269162,-1.60324661813348,38.6891694870976
0.724428,0.966664322552539,0.0433340831310842,-1.61352823345476,38.9115539793032
0.72524,0.966794207248408,0.0432733993294305,-1.6169805232228,39.0819250786021
0.726052,0.966916576385438,0.0433129178914361,-1.62894386644779,39.389941616262
0.726864,0.966961910456592,0.0433340862960266,-1.63393375760208,39.5132867746709
0.727676,0.967100484560607,0.0433177552804213,-1.64182007950832,39.7664666058335
0.728488,0.967142729324923,0.0433340881812626,-1.64611371158854,39.8752796239098
0.7293,0.967393608410147,0.0431915124926396,-1.65010866415489,40.1628874321086
0.730112,0.96749860616233,0.0433031170587764,-1.66688954179217,40.5349174419216
0.730924,0.967522130984616,0.0433340791490194,-1.67115034082141,40.626280700028
0.731736,0.967666408208942,0.0433186824621373,-1.67914483909732,40.8867888171435
0.732548,0.967725097166437,0.0433340876863805,-1.68426547261775,41.0234962224506
0.73336,0.96792481439105,0.0432597139299188,-1.69053636620073,41.3060063224406
0.734172,0.967993067652219,0.0433340827306378,-1.70129070927786,41.5432363277249
0.734984,0.96813442770656,0.0432695459376649,-1.70459184528494,41.7252801711361
0.735796,0.968275282787828,0.0433115221111815,-1.71694679071172,42.0539464675488
0.736608,0.968328070597313,0.0433340866211485,-1.72212715376921,42.1858163644638
0.73742,0.968483109626075,0.0433163593478185,-1.73010173062587,42.4564843633704
0.738232,0.968531894117323,0.0433340886069088,-1.73456779728371,42.5730165817775
0.739044,0.968803522112009,0.0431811415767292,-1.73802288966572,42.8802417506749
0.739856,0.968931013116126,0.0433007271648049,-1.75563963024814,43.2792883887644
0.740668,0.968959325655215,0.0433340802592815,-1.76009382547812,43.3761546052684
0.74148,0.969121323951809,0.0433173274145362,-1.76818497457028,43.6557175712642
0.742292,0.969187539143896,0.0433340878624481,-1.77342125632113,43.8002723489029
0.743104,0.969409524349319,0.0432518240224392,-1.77942230838963,44.1044256931848
0.743916,0.969490975312056,0.0433340826263893,-1.79082469619958,44.3593034609613
0.744728,0.969647006282491,0.0432601406752491,-1.79360298271156,44.5514746296625
0.74554,0.969813620418479,0.0433071874472939,-1.8067640403194,44.9143909795853
0.746352,0.969864422074355,0.0433340868798282,-1.81176421403664,45.0400079472069
0.747164,0.970063499748566,0.0432893965987571,-1.81911803827221,45.3449384977043
0.747976,0.97012886048208,0.0433340885714968,-1.82628038832808,45.5173216261643
0.748788,0.970375903149467,0.04320434898988,-1.82926031935669,45.803613015267
0.7496,0.970533355508482,0.0433035522426113,-1.84557828847552,46.2039528527064
0.750412,0.970584059454328,0.0433340810496212,-1.85068330178006,46.3302437529468
0.751224,0.970761959152924,0.0433179720780269,-1.85875553179933,46.626217502817
0.752036,0.970845460024606,0.0433340880260463,-1.86437330017562,46.7923028906802
0.752848,0.971080737046607,0.0432539756200776,-1.87023782570795,47.1132524761341
0.75366,0.971184571193007,0.043334082901307,-1.88178993910428,47.3867311720182
0.754472,0.971353286882957,0.0432626200896613,-1.88477330912891,47.5997575993165
0.755284,0.971540819283608,0.043308535192836,-1.89771201540082,47.9769126083063
0.756096,0.971613175208546,0.0433340871061017,-1.90326662522496,48.1303223416213
0.756908,0.971817349303363,0.0433031677255378,-1.91092527595295,48.4477662472111
0.75772,0.971894266313693,0.0433340888952537,-1.91703509281552,48.6134969703892
0.758532,0.972183043120569,0.0431838327548548,-1.9195229233957,48.9448744495339
0.759344,0.972367405134037,0.0433003004255753,-1.93711170201574,49.3833483890188
0.760156,0.972425421552771,0.0433340815025353,-1.942388848518,49.5172354513486
0.760968,0.972625986504511,0.0433168154782521,-1.95044869666673,49.8374877307623
0.76178,0.972723380636117,0.0433340881735206,-1.95624333437959,50.0191230052471
0.762592,0.972982022382575,0.0432496334497892,-1.96178064801202,50.3657707047735
0.763404,0.973108088262534,0.0433340836234993,-1.97374984605019,50.6619458832877
0.764216,0.973293340128124,0.0432602795753795,-1.97658373729271,50.8956458917101
0.765028,0.973507373780692,0.0433082320897442,-1.98958029526539,51.2977216173499
0.76584,0.973599467683551,0.043334087275873,-1.99550448199995,51.4748965806583
0.766652,0.973816504888072,0.0433139581896832,-2.00343468642378,51.8117120081289
0.767464,0.973902203043938,0.0433340890050242,-2.00857753065082,51.9714001317242
0.768276,0.97423850322016,0.0431576462478284,-2.0100587849582,52.352176092826
0.769088,0.974458024491301,0.0432956692931169,-2.02918258091075,52.8390107116684
0.7699,0.974522171985347,0.0433340816478992,-2.0345884131577,52.9783287677445
0.770712,0.974750494939948,0.0433148963833701,-2.0425463890509,53.3284454288344
0.771524,0.974862029315627,0.0433340883030834,-2.04842584273061,53.5249471079112
0.772336,0.975151218144917,0.0432410897457103,-2.05337969107549,53.904174722941
0.773148,0.975302299151661,0.0433340846565897,-2.06591901327317,54.2276616572526
0.77396,0.975507652649003,0.0432532023497626,-2.06822398428373,54.4828042365437
0.774772,0.975756704106856,0.0433058054981157,-2.0814959438808,54.9225428721747
0.775584,0.975864432665569,0.0433340874079181,-2.08756511022166,55.116431060575
0.776396,0.976110910024053,0.0433122664479529,-2.09530088823711,55.484935785204
0.777208,0.976211129411436,0.0433340888810681,-2.10053966906167,55.6600588828738
0.77802,0.976580225728857,0.0431414361750577,-2.10075475983147,56.0772787902938
0.778832,0.976843886036421,0.0432921843736856,-2.12062624813437,56.6101387335798
0.779644,0.976921734250001,0.0433340814180742,-2.12626284593401,56.7640692871751
0.780456,0.97718160108921,0.043313181945214,-2.1339596750355,57.148100772362
0.781268,0.977312148229265,0.0433340884164292,-2.13991152477684,57.3650521343757
0.78208,0.9776347000598,0.0432328613496432,-2.14408180927915,57.7812500473762
0.782892,0.977817239055305,0.0433340857917024,-2.15707237650675,58.1369763291169
0.783704,0.978045738552735,0.0432461102383587,-2.15874060467976,58.4186217062716
0.784516,0.978336151573571,0.0433033406861525,-2.17207671388216,58.9013007564928
0.785328,0.978464184521852,0.0433340875032482,-2.17825629916504,59.1169486131619
0.78614,0.97874507600037,0.0433104134513493,-2.18560779818555,59.5226627633598
0.786952,0.978864439857393,0.0433340889408218,-2.19092527699083,59.7185571994927
0.787764,0.979268572318022,0.0431248739572927,-2.1895783986696,60.1778437352334
0.788576,0.97958532091213,0.0432886128083877,-2.20993645481104,60.7628697306338
0.789388,0.97968199139259,0.0433340804561259,-2.21579239329716,60.9368811012625
0.7902,0.979978737506171,0.0433114258060503,-2.22301183579163,61.3608933044593
0.791012,0.98013361421131,0.0433340885097992,-2.22896287464359,61.6041646881066
0.791824,0.9804937022309,0.0432244864257131,-2.23207513363896,62.0636936535738
0.792636,0.980715367400972,0.0433340868975636,-2.24534787931774,62.458029703055
0.793448,0.980970939165218,0.0432389732324517,-2.24621622503869,62.7726316560463
0.79426,0.981310233849871,0.0433008789422585,-2.25931252122149,63.3049054584752
0.795072,0.981464836178131,0.0433340875273859,-2.26551738505093,63.5491368773768
0.795884,0.981785990542978,0.0433085885882669,-2.27221785761365,63.998946584515
0.796696,0.981931079955606,0.0433340890191093,-2.27754335758077,64.2231196938787
0.797508,0.982372250419956,0.043109076327576,-2.27431264573899,64.7314937829404
0.79832,0.982752126218913,0.043285260071546,-2.29469481547499,65.37508312344
0.799132,0.982875430624191,0.0433340776598519,-2.30070650106276,65.5776892341733
0.799944,0.983215176881055,0.0433098396717907,-2.30713745643812,66.0490382312907
0.800756,0.983402298831349,0.043334088577023,-2.3129513532432,66.3276629342367
0.801568,0.983803857376192,0.0432173105903287,-2.31468747535373,66.8378674060183
0.80238,0.984074510244856,0.0433340878649192,-2.32788327327805,67.2789096313728
0.803192,0.984362453614855,0.0432332890176742,-2.32780246645364,67.6359559276543
0.804004,0.984758245507494,0.0432990104271201,-2.34012900358942,68.2240246200596
0.804816,0.984949626128106,0.0433340874349444,-2.34618805608639,68.5084659721394
0.805628,0.985317239497593,0.0433073722932861,-2.35186254685421,69.0102613358275
0.80644,0.985499914601041,0.043334089090293,-2.3570549484418,69.2768597347109
0.807252,0.985976912848671,0.0431006467630727,-2.35183592444644,69.8410427486553
0.808064,0.986427634962894,0.0432837620916891,-2.37121636912102,70.5441079994145
0.808876,0.98659306999865,0.0433340621956867,-2.37720024615738,70.7932097353716
0.809688,0.986981272979243,0.04330949902327,-2.38241640927663,71.319200655162
0.8105,0.987215836269337,0.0433340885972311,-2.38783958578245,71.6515426063997
0.811312,0.98765877479095,0.0432185013512532,-2.38808701060611,72.2176840319484
0.812124,0.987991127183815,0.0433340886919655,-2.40024791832257,72.7149296500313
0.812936,0.988320770280414,0.0432380860084603,-2.39949963095525,73.1326994467143
0.813748,0.988771362160841,0.0433016514922173,-2.4098804093194,73.7692189371243
0.81456,0.989026392316188,0.0433340869786536,-2.41539970054362,74.1267424794034
0.815372,0.989439953411091,0.0433119293351899,-2.41969023963389,74.6816214452732
0.816184,0.989711021834737,0.0433340891255161,-2.42454509537892,75.0557305006309
0.816996,0.990184769265331,0.0432056636186967,-2.42287729365136,75.660761401477
0.817808,0.990558763252649,0.0433340782754453,-2.43491945373848,76.2014133295357
0.81862,0.990906069253096,0.0432000959650804,-2.43098037086006,76.6352095143775
0.819432,0.99145505972221,0.0432804246222065,-2.44161306975757,77.3949839871554
0.820244,0.991655116064427,0.04333408856598,-2.44680452920452,77.6763043546187
0.821056,0.992197870600125,0.043167346997659,-2.44230343680027,78.3682887761578
0.821868,0.992600291849431,0.0433340892981177,-2.45568379789537,78.9424561547658
0.82268,0.992970100916311,0.0432108564716957,-2.45163485269352,79.4133775308189
0.823492,0.993518919116335,0.0432939547617261,-2.46078455654166,80.1620986440772
0.824304,0.99381637691119,0.043334084352234,-2.46527532816524,80.5653613649064
0.825116,0.994303131871598,0.0433082382612421,-2.46704473056453,81.2095106869516
0.825928,0.994628820879383,0.0433340890378276,-2.47054901372952,81.6463733056282
0.82674,0.995169695857982,0.0431929765887412,-2.46540291874071,82.3479281518468
0.827552,0.995630620821757,0.043334088342482,-2.47581387433132,82.9764766854947
0.828364,0.996034022011767,0.0431999178939227,-2.4698135910792,83.4988514587361
0.829176,0.996661904491191,0.0432849581233616,-2.47698980589641,84.3395518748082
0.829988,0.996977340541437,0.0433340871708172,-2.4807584352164,84.760789714912
