freqs,wH,wL
0.1,0.00103609311135715,9.99669398534465
0.100926219098705,0.00103676880967553,9.99663248057028
0.101861017015598,0.00103745723246661,9.99656983195974
0.102804473209331,0.00103815862211986,9.99650601825526
0.103756667874519,0.00103887322574345,9.99644101780456
0.104717681948552,0.00103960129525977,9.99637480855355
0.10568759711848,0.00104034308750303,9.99630736803888
0.106666495827954,0.00104109886431892,9.99623867338037
0.107654461284232,0.00104186889266641,9.99616870127332
0.108651577465254,0.00104265344472187,9.99609742798066
0.109657929126781,0.00104345279798534,9.99602482932491
0.110673601809597,0.00104426723538917,9.99595088068006
0.111698681846782,0.00104509704540901,9.9958755569633
0.112733256371049,0.00104594252217723,9.99579883262654
0.113777413322149,0.00104680396559889,9.99572068164782
0.114831241454351,0.00104768168147013,9.99564107752256
0.115894830343981,0.00104857598159929,9.99555999325463
0.116968270397039,0.00104948718393063,9.99547740134725
0.118051652856881,0.00105041561267085,9.99539327379377
0.119145069811978,0.00105136159841829,9.99530758206825
0.120248614203741,0.00105232547829519,9.99522029711584
0.121362379834424,0.00105330759608268,9.99513138934302
0.122486461375093,0.00105430830235897,9.99504082860767
0.123620954373677,0.00105532795464051,9.99494858420892
0.124765955263087,0.00105636691752636,9.99485462487685
0.125921561369415,0.00105742556284578,9.99475891876197
0.127087870920206,0.00105850426980917,9.99466143342453
0.128264983052806,0.00105960342516239,9.99456213582364
0.129452997822792,0.00106072342334459,9.99446099230617
0.130652016212472,0.00106186466664959,9.99435796859542
0.131862140139475,0.00106302756539094,9.9942530297797
0.133083472465407,0.00106421253807075,9.99414614030053
0.134316117004602,0.00106542001155237,9.99403726394079
0.135560178532937,0.00106665042123697,9.99392636381251
0.136815762796747,0.00106790421124424,9.99381340234457
0.138082976521809,0.00106918183459722,9.99369834127006
0.139361927422414,0.00107048375341133,9.99358114161349
0.140652724210524,0.00107181043908785,9.99346176367771
0.14195547660501,0.00107316237251184,9.99334016703064
0.143270295340983,0.0010745400442546,9.99321631049175
0.144597292179202,0.00107594395478095,9.99309015211823
0.145936579915576,0.00107737461466123,9.99296164919104
0.14728827239075,0.0010788325447883,9.9928307582005
0.148652484499786,0.00108031827659964,9.99269743483188
0.150029332201922,0.00108183235230463,9.99256163395051
0.151418932530435,0.00108337532511717,9.99242330958669
0.152821403602587,0.00108494775949384,9.99228241492042
0.154236864629663,0.00108655023137763,9.99213890226565
0.155665435927106,0.00108818332844747,9.99199272305447
0.157107238924745,0.00108984765037369,9.99184382782084
0.158562396177114,0.00109154380907954,9.99169216618411
0.16003103137387,0.00109327242900903,9.99153768683225
0.161513269350309,0.00109503414740102,9.99138033750469
0.163009236097974,0.00109682961457008,9.99122006497496
0.164519058775366,0.00109865949419391,9.99105681503295
0.166042865718753,0.00110052446360785,9.99089053246682
0.167580786453077,0.00110242521410639,9.99072116104472
0.169132951702965,0.00110436245125199,9.99054864349599
0.170699493403841,0.00110633689519151,9.99037292149216
0.172280544713139,0.00110834928098015,9.99019393562758
0.173876240021625,0.00111040035891345,9.99001162539966
0.175486714964815,0.00111249089486729,9.98982592918875
0.177112106434509,0.00111462167064633,9.98963678423775
0.178752552590423,0.00111679348434089,9.98944412663126
0.180408192871938,0.00111900715069268,9.98924789127437
0.182079168009946,0.00112126350146956,9.98904801187109
0.183765620038817,0.00112356338584949,9.98884442090239
0.18546769230847,0.00112590767081412,9.98863704960384
0.187185529496558,0.00112829724155203,9.98842582794287
0.188919277620767,0.00113073300187208,9.98821068459556
0.190669084051225,0.00113321587462704,9.98799154692307
0.192435097523033,0.00113574680214787,9.98776834094765
0.194217468148903,0.00113832674668879,9.98754099132824
0.196016347431919,0.00114095669088365,9.98730942133549
0.197831888278416,0.00114363763821365,9.98707355282655
0.199664245010979,0.001146370613487,9.98683330621925
0.201513573381556,0.00114915666333059,9.9865886004659
0.203380030584698,0.00115199685669422,9.98633935302658
0.205263775270925,0.00115489228536756,9.98608547984197
0.207164967560207,0.00115784406451029,9.98582689530569
0.209083769055575,0.00116085333319579,9.98556351223619
0.21102034285686,0.00116392125496869,9.98529524184807
0.212974853574552,0.00116704901841668,9.98502199372295
0.214947467343798,0.00117023783775707,9.9847436757798
0.216938351838518,0.00117348895343838,9.98446019424473
0.218947676285662,0.00117680363275741,9.98417145362029
0.22097561147959,0.00118018317049229,9.98387735665417
0.223022329796594,0.00118362888955194,9.98357780430741
0.225088005209546,0.0011871421416422,9.983272695722
0.227172813302691,0.00119072430794951,9.98296192818792
0.229276931286565,0.00119437679984217,9.9826453971096
0.231400538013065,0.00119810105958995,9.98232299597185
0.233543813990648,0.00120189856110259,9.98199461630508
0.235706941399673,0.00120577081068744,9.98166014765
0.237890104107889,0.00120971934782714,9.98131947752164
0.240093487686065,0.00121374574597763,9.98097249137284
0.24231727942376,0.00121785161338716,9.98061907255694
0.244561668345245,0.00122203859393692,9.98025910229001
0.246826845225569,0.00122630836800383,9.97989245961224
0.249113002606779,0.00123066265334619,9.9795190213488
0.25142033481428,0.00123510320601274,9.97913866206993
0.253749037973357,0.00123963182127585,9.97875125405043
0.256099310025846,0.00124425033458958,9.97835666722826
0.258471350746956,0.00124896062257313,9.9779547691627
0.260865361762255,0.0012537646040206,9.97754542499156
0.263281546564802,0.00125866424093767,9.97712849738773
0.265720110532451,0.001263661539606,9.97670384651499
0.268181260945301,0.00126875855167619,9.97627132998307
0.270665207003324,0.00127395737528992,9.97583080280188
0.273172159844138,0.0012792601562324,9.97538211733504
0.275702332560958,0.00128466908911571,9.97492512325255
0.278255940220712,0.00129018641859396,9.97445966748264
0.280833199882317,0.0012958144406114,9.97398559416286
0.283434330615131,0.001301555503684,9.97350274459032
0.286059553517574,0.00130741201021586,9.97301095717103
0.288709091735924,0.00131338641785119,9.97251006736843
0.291383170483279,0.00131948124086286,9.97199990765107
0.294082017058706,0.00132569905157879,9.97148030743934
0.29680586086656,0.00133204248184687,9.97095109305131
0.299554933435981,0.00133851422453994,9.97041208764775
0.302329468440578,0.00134511703510157,9.96986311117612
0.305129701718287,0.00135185373313404,9.96930398031365
0.307955871291423,0.00135872720402964,9.96873450840948
0.310808217386906,0.00136574040064648,9.96815450542587
0.313686982456688,0.00137289634503016,9.96756377787834
0.316592411198352,0.00138019813018246,9.96696212877488
0.319524750575921,0.00138764892187853,9.96634935755418
0.322484249840844,0.00139525196053387,9.96572526002272
0.325471160553185,0.00140301056312249,9.96508962829097
0.328485736603004,0.00141092812514771,9.96444225070844
0.331528234231942,0.00141900812266719,9.9637829117977
0.334598912054997,0.00142725411437349,9.9631113921873
0.337698031082509,0.00143566974373203,9.96242746854362
0.340825854742345,0.00144425874117777,9.96173091350158
0.343982648902293,0.00145302492637246,9.96102149559428
0.347168681892656,0.00146197221052414,9.96029897918143
0.350384224529067,0.00147110459877054,9.95956312437668
0.353629550135504,0.0014804261926283,9.95881368697373
0.356904934567523,0.00148994119250985,9.95805041837133
0.360210656235707,0.0014996539003097,9.95727306549698
0.363546996129332,0.00150956872206234,9.95648137072955
0.366914237840249,0.00151969017067355,9.95567507182049
0.370312667586993,0.00153002286872726,9.95485390181397
0.373742574239106,0.00154057155137016,9.95401758896566
0.3772042493417,0.00155134106927604,9.95316585666024
0.380697987140229,0.0015623363916923,9.95229842332767
0.384224084605506,0.00157356260957083,9.95141500235809
0.387782841458946,0.00158502493878563,9.95051530201546
0.391374560198038,0.00159672872343958,9.94959902534981
0.394999546122064,0.00160867943926291,9.94866587010813
0.398658107358044,0.00162088269710588,9.94771552864402
0.402350554886929,0.00163334424652829,9.94674768782574
0.406077202570037,0.00164606997948857,9.9457620289431
0.409838367175726,0.00165906593413521,9.94475822761273
0.413634368406327,0.00167233829870331,9.94373595368207
0.417465528925314,0.00168589341551926,9.94269487113187
0.421332174384729,0.00169973778511657,9.94163463797721
0.425234633452868,0.00171387807046582,9.9405549061671
0.429173237842216,0.00172832110132197,9.93945532148253
0.43314832233764,0.00174307387869239,9.93833552343313
0.43716022482485,0.0017581435794287,9.93719514515219
0.441209286319119,0.00177353756094607,9.93603381329027
0.445295850994266,0.00178926336607346,9.93485114790719
0.449420266211914,0.00180532872803834,9.93364676236255
0.453582882551019,0.00182174157558966,9.9324202632046
0.457784053837662,0.00183851003826286,9.93117125005763
0.462024137175131,0.00185564245179092,9.92989931550765
0.466303492974273,0.00187314736366533,9.92860404498667
0.470622484984128,0.0018910335388512,9.92728501665513
0.47498148032285,0.00190930996566077,9.92594180128293
0.479380849508911,0.00192798586178954,9.92457396212867
0.483820966492596,0.00194707068051967,9.92318105481736
0.488302208687788,0.00196657411709508,9.92176262721645
0.492824957004051,0.00198650611527301,9.92031821931017
0.497389595879006,0.0020068768740569,9.91884736307225
0.501996513311008,0.00202769685461553,9.91734958233698
0.506646100892127,0.00204897678739346,9.91582439266853
0.511338753841433,0.00207072767941805,9.91427130122869
0.516074871038591,0.00209296082180844,9.9126898066428
0.520854855057766,0.00211568779749193,9.9110793988641
0.525679112201842,0.00213892048913343,9.90943955903633
0.530548052536957,0.00216267108728381,9.90776975935463
0.535462089927361,0.00218695209875306,9.90606946292477
0.540421642070592,0.00221177635521439,9.90433812362068
0.545427130532983,0.00223715702204552,9.90257518594022
0.550478980785497,0.00226310760741357,9.90078008485936
0.555577622239888,0.00228964197161023,9.89895224568458
0.560723488285203,0.00231677433664388,9.89709108390362
0.565917016324624,0.00234451929609567,9.89519600503452
0.571158647812643,0.00237289182524665,9.89326640447299
0.576448828292588,0.00240190729148333,9.89130166733818
0.581788007434493,0.00243158146498909,9.88930116831662
0.587176639073326,0.0024619305297292,9.8872642715047
0.592615181247555,0.00249297109473736,9.88519033024939
0.598104096238094,0.00252472020571179,9.88307868698735
0.603643850607587,0.00255719535692931,9.8809286730825
0.609234915240071,0.00259041450348578,9.87873960866191
0.614877765381002,0.00262439607387183,9.87651080245017
0.62057288067765,0.00265915898289276,9.87424155160218
0.626320745219869,0.00269472264494176,9.87193114153447
0.632121847581245,0.00273110698763609,9.86957884575491
0.637976680860628,0.00276833246582571,9.86718392569105
0.643885742724042,0.00280642007598444,9.86474563051694
0.649849535446989,0.00284539137099376,9.86226319697863
0.655868565957143,0.00288526847532975,9.8597358492181
0.661943345877439,0.00292607410066396,9.8571627985961
0.668074391569561,0.002967831561889,9.85454324351349
0.674262224177834,0.00301056479358044,9.85187636923138
0.680507369673521,0.00305429836690628,9.84916134769009
0.68681035889953,0.00309905750699609,9.84639733732687
0.693171727615541,0.00314486811078185,9.84358348289258
0.699592016543537,0.00319175676532299,9.84071891526725
0.706071771413777,0.00323975076662853,9.83780275127462
0.712611543011175,0.00328887813898916,9.83483409349581
0.719211887222119,0.00333916765483311,9.83181203008205
0.725873365081725,0.00339064885511916,9.82873563456659
0.732596542821523,0.00344335207028124,9.82560396567592
0.739381991917587,0.00349730844173898,9.82241606714025
0.746230289139111,0.00355254994398902,9.8191709675035
0.753142016597437,0.00360910940729239,9.81586767993265
0.760117761795533,0.00366702054097346,9.81250520202686
0.76715811767793,0.00372631795734655,9.80908251562612
0.774263682681127,0.00378703719628648,9.80559858661968
0.781435060784454,0.00384921475045993,9.80205236475448
0.788672861561415,0.0039128880912347,9.79844278344338
0.795977700231498,0.00397809569528469,9.7947687595737
0.803350197712474,0.00404487707190839,9.79102919331578
0.810790980673169,0.00411327279107965,9.78722296793196
0.818300681586739,0.00418332451224949,9.78334894958605
0.825879938784427,0.00425507501391847,9.7794059871533
0.833529396509819,0.00432856822399939,9.77539291203125
0.841249704973612,0.00440384925099088,9.77130853795125
0.849041520408875,0.00448096441598256,9.76715166079127
0.856905505126835,0.00455996128551316,9.76292105838964
0.864842327573172,0.00464088870530359,9.75861549036031
0.872852662384838,0.0047237968348872,9.75423369790962
0.880937190447399,0.00480873718316031,9.74977440365465
0.889096598952916,0.0048957626448763,9.74523631144364
0.897331581458352,0.00498492753810748,9.74061810617828
0.905642837944529,0.00507628764269926,9.73591845363846
0.914031074875623,0.00516990023974171,9.73113600030938
0.922497005259217,0.00526582415208437,9.72626937321144
0.931041348706908,0.00536411978592069,9.72131717973295
0.93966483149547,0.00546484917346894,9.71627800746612
0.948368186628592,0.00556807601677732,9.71115042404629
0.957152153899186,0.00567386573268141,9.70593297699495
0.966017479952265,0.00578228549894289,9.70062419356651
0.974964918348409,0.00589340430159896,9.69522258059934
0.983995229627823,0.00600729298355281,9.68972662437117
0.99310918137498,0.00612402429443585,9.6841347904592
1.00230754828387,0.00624367294177337,9.67844552360529
1.01159111222383,0.00636631564348587,9.67265724758636
1.02096066230605,0.00649203118175907,9.66676836509049
1.03041699495059,0.00662090045831624,9.66077725759888
1.03996091395412,0.00675300655112733,9.65468228527418
1.04959323055823,0.00688843477259019,9.64848178685532
1.05931476351837,0.00702727272921964,9.6421740795594
1.06912633917348,0.00716961038288134,9.63575745899086
1.07902879151618,0.0073155401136078,9.62923019905833
1.08902296226373,0.00746515678403484,9.62259055189961
1.0991097009295,0.00761855780549786,9.6158367478151
1.10928986489522,0.00777584320582739,9.6089669952101
1.11956431948388,0.00793711569888513,9.60197948054645
1.12993393803322,0.0081024807558818,9.59487236830382
1.14039960197003,0.00827204667851922,9.58764380095123
1.15096220088503,0.00844592467400014,9.58029189892919
1.1616226326085,0.00862422893194963,9.57281476064284
1.1723818032866,0.00880707670329342,9.56521046246669
1.18324062745838,0.00899458838113871,9.55747705876137
1.19420002813353,0.00918688758370471,9.54961258190294
1.20526093687084,0.00938410123935006,9.54161504232514
1.21642429385737,0.00958635967374623,9.53348242857528
1.22769104798836,0.00979379669924612,9.52521270738418
1.23906215694792,0.0100065497064983,9.51680382375065
1.25053858729039,0.0102247597583586,9.50825370104127
1.26212131452255,0.0104485716861505,9.49956024110575
1.27381132318648,0.0106781341883285,9.49072132440868
1.2856096069433,0.0109135999315982,9.48173481017813
1.29751716865759,0.011155125654548,9.47259853657173
1.30953502048267,0.0114028722738485,9.46331032086081
1.32166418394661,0.0116570049930766,9.45386795963323
1.33390569003906,0.011917693414223,9.44426922901551
1.34626057929891,0.0121851116519401,9.43451188491493
1.35872990190271,0.0124594384505918,9.42459366328218
1.37131471775394,0.0127408573041651,9.41451228039523
1.38401609657313,0.0130295565791053,9.4042654331651
1.39683511798874,0.0133257296401374,9.39385079946417
1.40977287162897,0.0136295749791363,9.38326603847771
1.42283045721435,0.0139412963471122,9.37250879107929
1.43600898465126,0.0142611028893738,9.36157668023073
1.44930957412622,0.0145892092839374,9.3504673114074
1.46273335620113,0.014925835883248,9.33917827304936
1.47628147190939,0.01527120885928,9.32770713703924
1.48995507285285,0.0156255603520873,9.31605145920734
1.50375532129974,0.0159891286218702,9.30420877986491
1.51768339028341,0.0163621582046312,9.29217662436606
1.53174046370208,0.0167449000714896,9.27995250369912
1.54592773641948,0.017137611791727,9.26753391510816
1.56024641436637,0.0175405576996355,9.25491834274532
1.57469771464309,0.0179540090652422,9.24210325835464
1.58928286562298,0.0183782442689833,9.22908612198813
1.60400310705682,0.0188135489804017,9.21586438275463
1.6188596901782,0.0192602163409435,9.20243547960237
1.63385387780986,0.019718547150928,9.18879684213556
1.64898694447106,0.0201888500607669,9.17494589146601
1.6642601764859,0.020671441766509,9.16088004110013
1.67967487209265,0.0211666472097862,9.14659669786217
1.69523234155412,0.0216747997822384,9.13209326285407
1.71093390726901,0.0221962415344918,9.11736713245276
1.72678090388436,0.0227313233897709,9.1024156993453
1.74277467840892,0.0232804053622176,9.08723635360251
1.75891659032773,0.023843856779997,9.07182648379152
1.77520801171763,0.0244220565132647,9.0561834781279
1.7916503273639,0.025015393207073,9.04030472566771
1.80824493487795,0.0256242655192927,9.02418761753994
1.82499324481615,0.0262490823636252,9.00782954821979
1.84189668079971,0.0268902631577805,8.99122791684319
1.85895667963569,0.0275482380768963,8.97438012856282
1.87617469143912,0.0282234483122715,8.95728359594601
1.8935521797563,0.0289163463354866,8.93993574041473
1.91109062168914,0.0296273961679842,8.92233399372794
1.92879150802078,0.0303570736561792,8.90447579950647
1.94665634334226,0.0311058667521688,8.88635861480045
1.96468664618045,0.0318742758001092,8.86797991169952
1.98288394912707,0.0326628138283274,8.84933717898567
2.00124979896904,0.0334720068472298,8.83042792382888
2.01978575681988,0.0343023941530727,8.81124967352516
2.03849339825246,0.0351545286376533,8.79179997727716
2.05737431343291,0.0360289771039793,8.7720764080168
2.07643010725577,0.0369263205879732,8.7520765642699
2.09566239948043,0.0378471546862631,8.7317980720622
2.1150728248688,0.0387920898901092,8.7112385868665
2.13466303332424,0.0397617519255128,8.69039579559029
2.15443469003188,0.0407567820995498,8.66926741860326
2.17438947560008,0.0417778376529674,8.64785121180417
2.19452908620331,0.0428255921190792,8.62614496872598
2.21485523372636,0.0439007356889884,8.60414652267875
2.2353696459098,0.0450039755831651,8.58185374892904
2.25607406649686,0.0461360364293982,8.55926456691501
2.27697025538168,0.0472976606471367,8.53637694249585
2.29805998875885,0.0484896088382312,8.51318889023455
2.31934505927443,0.049712660184079,8.48969847571236
2.34082727617829,0.0509676128491689,8.46590381787387
2.36250846547795,0.0522552843910182,8.44180309140072
2.38439047009372,0.0535765121764846,8.41739452911272
2.40647515001542,0.0549321538044283,8.39267642439432
2.42876438246045,0.0563230875346947,8.36764713364462
2.45126006203334,0.057750212723374,8.34230507874904
2.47396410088681,0.0592144502642927,8.3166487495704
2.49687842888433,0.0607167430366748,8.29067670645732
2.52000499376409,0.0622580563589076,8.26438758276758
2.54334576130465,0.0638393784483326,8.23778008740394
2.56690271549195,0.0654617208869716,8.21085300735995
2.59067785868801,0.0671261190930904,8.18360521027309
2.61467321180109,0.0688336327984846,8.15603564698232
2.63889081445751,0.0705853465313654,8.12814335408743
2.66333272517498,0.0723823701047085,8.09992745650684
2.68800102153761,0.0742258391099117,8.071387170031
2.71289780037247,0.0761169154156013,8.04252180386811
2.73802517792786,0.0780567876714033,8.01333076317871
2.76338529005317,0.0800466718164863,7.98381355159591
2.78898029238044,0.0820878115926653,7.95396977372757
2.81481236050758,0.0841814790618376,7.92379913763688
2.8408836901833,0.086328975127507,7.89330145729761
2.86719649749377,0.0885316300601318,7.86247665502023
2.89375301905095,0.0907908040260163,7.83132476384496
2.92055551218275,0.0931078876194435,7.79984592989784
2.94760625512486,0.0954843023977284,7.76804041470577
2.97490754721444,0.0979215014188494,7.73590859746631
3.00246170908555,0.100420969781293,7.70345097726825
3.0302710828664,0.10298422516573,7.67066817525852
3.05833803237843,0.105612818378102,7.63756093675128
3.08666494333727,0.108308333893703,7.60413013327485
3.11525422355549,0.111072390401784,7.57037676455215
3.14410830314726,0.113906641350195,7.53630196041021
3.17322963473498,0.116812775489572,7.5019069826144
3.20262069365765,0.119792517416513,7.46719322662301
3.23228397818138,0.122847628115184,7.43216222325781
3.26222200971167,0.125979905496772,7.396815640286
3.29243733300777,0.129191184936149,7.36115528390964
3.32293251639897,0.132483339805091,7.32518310015768
3.35371015200293,0.135858282001392,7.28890117617679
3.38477285594598,0.13931796247312,7.25231174141657
3.41612326858553,0.142864371737307,7.21541716870491
3.44776405473446,0.146499540392256,7.17821997520966
3.47969790388769,0.150225539622673,7.1407228232824
3.51192753045073,0.15404448169676,7.10292852118063
3.54445567397043,0.157958520454394,7.06484002366447
3.57728509936787,0.161969851785465,7.02646043246432
3.61041859717334,0.166080714097404,6.98779299661602
3.64385898376354,0.170293388770933,6.94884111266003
3.67760910160103,0.174610200602975,6.90960832470165
3.71167181947576,0.17903351823567,6.8700983243291
3.74605003274899,0.183565754570378,6.83031495038673
3.78074666359935,0.188209367165529,6.79026218860082
3.81576466127125,0.19296685861712,6.74994417105537
3.85110700232557,0.19784077692064,6.70936517551591
3.88677669089267,0.20283371581315,6.6685296245992
3.92277675892772,0.207948315094211,6.62744208478728
3.95911026646846,0.213187260924308,6.58610726528425
3.99578030189527,0.218553286099391,6.54453001671468
4.03278998219371,0.224049170300093,6.50271532966278
4.07014245321944,0.229677740314158,6.46066833305147
4.10784088996565,0.235441870230579,6.41839429236127
4.14588849683291,0.241344481603891,6.3758986076887
4.18428850790158,0.247388543587031,6.33318681164458
4.22304418720667,0.253577073031153,6.29026456709269
4.26215882901532,0.259913134550715,6.2471376647296
4.3016357581068,0.266399840552168,6.20381202050698
4.34147833005509,0.273040351224484,6.1602936728977
4.38168993151419,0.279837874489779,6.11658878000756
4.4222739805059,0.286795665912218,6.07270361653483
4.4632339267104,0.29391702856337,6.02864457057988
4.50457325175946,0.301205312842163,5.98441814030786
4.5462954695324,0.308663916247526,5.94003093046724
4.58840412645476,0.31629628310183,5.89548964876787
4.63090280179974,0.324105904223166,5.85080110212191
4.67379510799246,0.33209631654451,5.80597219275199
4.71708469091702,0.340271102677794,5.76100991417057
4.76077523022637,0.348633890420879,5.71592134703529
4.80487043965513,0.357188352205434,5.67071365488508
4.84937406733524,0.36593820448369,5.62539407976222
4.89428989611453,0.37488720705205,5.57996993772568
4.93962174387832,0.384039162309521,5.53444861426153
4.98537346387389,0.393397914448947,5.48883755959619
5.03154894503805,0.402967348579019,5.44314428391876
5.07815211232767,0.412751389775037,5.39737635251873
5.12518692705333,0.422754002056451,5.35154138084564
5.17265738721602,0.432979187289169,5.30564702949749
5.22056752784697,0.443430984010707,5.25970099914462
5.26892142135067,0.454113466176229,5.2137110253965
5.31772317785097,0.465030741823599,5.16768487361829
5.36697694554048,0.476186951655593,5.12163033370464
5.41668691103315,0.487586267537459,5.0755552148183
5.46685729972018,0.499232890908082,5.02946734010089
5.51749237612913,0.511131051103057,4.98337454136346
5.56859644428641,0.523285003588035,4.93728465376465
5.62017384808319,0.535699028100817,4.8912055104839
5.67222897164454,0.548377426700689,4.84514493739761
5.72476623970218,0.561324521723631,4.79911074776574
5.7777901179705,0.574544653642113,4.75311073693675
5.83130511352622,0.588042178828279,4.70715267707826
5.88531577519145,0.601821467219449,4.66124431194109
5.93982669392036,0.615886899884987,4.6153933516642
5.99484250318941,0.630242866493685,4.56960746762782
6.05036787939122,0.644893762680997,4.52389428736197
6.10640754223204,0.659843987315534,4.47826138951771
6.16296625513294,0.675097939664457,4.43271629890773
6.22004882563471,0.6906600164575,4.38726648162346
6.2776601058065,0.70653460884957,4.34191934023502
6.33580499265825,0.722726099282019,4.29668220908048
6.39448842855694,0.73923885824288,4.25156234965078
6.4537154016467,0.756077240926573,4.20656694607607
6.5134909462728,0.773245583793738,4.16170310071929
6.57382014340959,0.790748201032128,4.1169778298825
6.63470812109235,0.808589380919644,4.07239805963109
6.69616005485322,0.826773382090902,4.02797062174086
6.75818116816111,0.845304429708857,3.98370224977265
6.82077673286568,0.864186711543348,3.93959957527879
6.8839520696455,0.883424373958616,3.89566912414552
6.94771254846024,0.903021517812092,3.85191731307516
7.01206358900718,0.922982194267089,3.8083504462114
7.07701066118189,0.943310400522194,3.76497471191092
7.14255928554313,0.964010075460506,3.7217961796642
7.20871503378214,0.985085095222118,3.6788207971679
7.27548352919623,1.0065392687035,3.63605438755113
7.34287044716676,1.02837633298778,3.59350264675747
7.41088151564157,1.05059994871007,3.5511711410842
7.47952251562182,1.07321369536254,3.50906530488007
7.54879928165344,1.09622106654388,3.46719043840252
7.618717702323,1.11962546515835,3.42555170583494
7.68928372075831,1.14343019856986,3.38415413346426
7.76050333513357,1.16763847371664,3.34300260801895
7.8323825991792,1.1922533921926,3.30210187516709
7.90492762269642,1.21727794530154,3.2614565381739
7.97814457207662,1.24271500909084,3.22107105671803
8.05203967082547,1.26856733937126,3.18094974586524
8.12661920009194,1.29483756673017,3.14109677519832
8.2018894992022,1.32152819154525,3.10151616810145
8.27785696619848,1.34864157900652,3.06221180119719
8.35452805838287,1.37617995415426,3.0231874039339
8.43190929286625,1.40414539694105,2.98444655832136
8.51000724712225,1.43253983732606,2.94599269881188
8.58882855954625,1.46136505041019,2.90782911232427
8.66837993001978,1.49062265162054,2.86995893840766
8.74866812047991,1.52031409195316,2.83238516954196
8.82969995549409,1.55044065328307,2.79511065157188
8.9114823228402,1.58100344375053,2.75813808427078
8.99402217409204,1.61200339323299,2.72147002203096
9.07732652521023,1.64344124891186,2.68510887467661
9.16140245713852,1.67531757094366,2.64905690839551
9.24625711640574,1.70763272824501,2.61331624678561
9.33189771573324,1.74038689440085,2.5778888720124
9.41833153464795,1.7735800437055,2.54277662607294
9.5055659201012,1.80721194734609,2.50798121216244
9.59360828709314,1.84128216973768,2.47350419613891
9.68246611930312,1.87579006501961,2.43934700808187
9.77214696972572,1.91073477372225,2.40551094394053
9.86265846131282,1.94611521961345,2.37199716726717
9.95400828762152,1.98193010673352,2.33880671103136
10.0462042134681,2.01817791662784,2.30594047951058
10.1392540755882,2.05485690578551,2.27339925025277
10.2331657833025,2.09196510329261,2.24118367610666
10.3279473191895,2.12950030870809,2.20929428731527
10.423606739764,2.16746009017022,2.17773149366842
10.5201521761616,2.20584178274111,2.14649558670986
10.61759183483,2.24464248699649,2.11558674199487
10.7159339982267,2.28385906786754,2.08500502139404
10.8151870255229,2.32348815374122,2.05475037543921
10.9153593533139,2.36352613582505,2.02482264570739
11.0164594963366,2.40396916778184,1.99522156723877
11.1184960481927,2.44481316563955,1.96594677098484
11.2214776820798,2.48605380798065,1.93699778628281
11.3254131515281,2.52768653641522,1.90837404335264
11.4303112911448,2.56970655634103,1.88007487581291
11.5361810173648,2.61210883799382,1.85209952321208
11.6430313292088,2.65488811778984,1.8244471335717
11.7508713090481,2.69803889996268,1.7971167659381
11.8597101233767,2.74155545849523,1.77010739293939
11.9695570235904,2.7854318393476,1.7434179033447
12.0804213467733,2.82966186298066,1.71704710462246
12.1923125164911,2.87423912717457,1.69099372549497
12.3052400435926,2.9191570101408,1.66525641848629
12.4192135270178,2.96440867392572,1.63983376246097
12.534242654614,3.00998706810294,1.61472426515077
12.650337203959,3.05588493375104,1.58992636566715
12.7675070431927,3.10209480771275,1.56543843699706
12.8857621318552,3.14860902713086,1.54125878847971
13.0051125217341,3.1954197342556,1.51738566826241
13.1255683577184,3.24251888151741,1.4938172657333
13.2471398786612,3.28989823685883,1.47055171392904
13.3698374182495,3.33754938931796,1.44758709191583
13.4936714058831,3.38546375485613,1.42492142714195
13.6186523675608,3.43363258242113,1.40255269776026
13.7447909267754,3.48204696023728,1.3804788349192
13.8720978054162,3.53069782231284,1.35869772502095
14.000583824681,3.57957595515497,1.33720721194544
14.1302599059953,3.62867200468162,1.31600509923902
14.2611370719413,3.67797648331961,1.29508915226684
14.3932264471941,3.72747977727764,1.27445710032781
14.5265392594678,3.77717215398238,1.25410663873131
14.6610868404698,3.82704376966584,1.23403543083492
14.796880626864,3.8770846770913,1.21424111004235
14.9339321612425,3.92728483340539,1.19472128176101
15.0722530931076,3.97763410810329,1.17547352531871
15.211855179861,4.02812229109378,1.15649539583888
15.3527502878042,4.0787391008509,1.13778442607408
15.4949503931463,4.1294741926387,1.11933812819739
15.6384675830225,4.18031716679528,1.10115399555146
15.7833140565212,4.2312575770627,1.08322950435498
15.9295021257212,4.28228493894869,1.0655621153666
16.0770442167382,4.33338873810673,1.04814927550601
16.2259528707809,4.38455843872047,1.03098841943245
16.3762407452169,4.43578349187917,1.01407697108046
16.527920614649,4.48705334393036,0.997412345153116
16.6810053720006,4.53835744479645,0.980991948572938
16.835508029612,4.5896852562422,0.96481318189055
16.9914417203463,4.64102626007981,0.948873440651447
17.1488196987054,4.6923699662991,0.933170116721137
17.3076553419573,4.74370592111027,0.917700599568971
17.4679621512725,4.79502371488696,0.902462277511063
17.6297537528721,4.84631298999805,0.887452538912668
17.7930438991858,4.89756344851647,0.8726687733505
17.957846470021,4.94876485979421,0.858108372735429
18.1241754737424,4.99990706789271,0.843768732396051
18.2920450484629,5.05097999885854,0.829647252123683
18.4614694632455,5.1019736678346,0.815741337179287
18.6324631193156,5.15287818599758,0.802048399262936
18.8050405512858,5.20368376731282,0.788565857446369
18.979216428391,5.25438073509857,0.775291139069266
19.1550055557353,5.30495952839153,0.762221680599866
19.3324228755505,5.35541070810686,0.749354928460534
19.5114834684662,5.40572496298575,0.736688339818965
19.6922025547917,5.45589311532444,0.724219383345662
19.8745954958098,5.50590612647936,0.711945539938356
20.0586777950823,5.55575510214304,0.69986430341406
20.244465099768,5.60543129738674,0.687973181169423
20.4319732019527,5.65492612146559,0.67626969481009
20.6212180399914,5.70423114238312,0.664751380749749
20.8122156998634,5.75333809121232,0.653415790779566
21.0049824165392,5.802238866171,0.642260492608715
21.1995345753607,5.85092553644986,0.63128307037667
21.3958887134342,5.89939034579202,0.620481125138009
21.5940615210357,5.94762571582332,0.609852275320373
21.7940698430296,5.99562424913358,0.599394157156311
21.9959306803007,6.04337873210866,0.589104425089691
22.1996611911995,6.09088213751477,0.578980752157353
22.4052786930002,6.13812762683587,0.569020830346709
22.6128006633728,6.18510855236625,0.559222370929949
22.822244741869,6.23181845906033,0.549583104775534
23.0336287314213,6.27825108614232,0.54010078263764
23.2469705998565,6.32440036847894,0.530773175424198
23.4622884814226,6.37026043771828,0.521598074444207
23.6796006783308,6.41582562319894,0.512573291634927
23.8989256623105,6.46109045263322,0.50369665976962
24.1202820761801,6.506049652569,0.494966032646432
24.3436887354311,6.55069814863498,0.486379285259055
24.5691646298279,6.5950310655742,0.477934313949757
24.7967289250216,6.63904372707118,0.469629036545388
25.0264009641792,6.68273165537819,0.461461392476938
25.2582002696278,6.72609057074624,0.453429342883223
25.4921465445142,6.76911639066687,0.445530870699271
25.7282596744793,6.81180522893062,0.437763980729944
25.9665597293487,6.85415339450854,0.430126699709358
26.2070669648385,6.89615739026309,0.422617076346623
26.4498018242772,6.93781391149484,0.415233181358412
26.6947849403432,6.97911984433162,0.407973107488892
26.9420371368188,7.02007226396673,0.400834969517491
27.1915794303602,7.06066843275291,0.393816904255002
27.4434330322837,7.10090579815879,0.386917070528494
27.6976193503689,7.14078199059469,0.38013364915549
27.9541599906786,7.18029482111449,0.373464842907873
28.2130767593947,7.21944227900025,0.366908876465955
28.4743916646725,7.25822252923652,0.360463996363132
28.7381269185107,7.29663390988078,0.354128470921571
29.0043049386399,7.33467492933708,0.347900590179294
29.2729483504282,7.37234426353896,0.3417786658091
29.5440799888038,7.40964075304862,0.335761031029677
29.8177229001967,7.44656340007842,0.329846040509306
30.0939003444972,7.48311136544138,0.324032070262495
30.3726357970331,7.5192839654366,0.318317517539925
30.6539529505653,7.55508066867589,0.31270080071203
30.9378757173014,7.59050109285751,0.307180359146553
31.2244282309286,7.62554500149296,0.30175465308041
31.5136348486648,7.66021230059241,0.296422163486161
31.8055201533292,7.69450303531443,0.291181391933401
32.1001089554317,7.72841738658541,0.286030860445364
32.397426295282,7.76195566769391,0.280969111351028
32.6974974451177,7.79511832086499,0.275994707132987
33.0003479112529,7.82790591381955,0.271106230271377
33.3060034362459,7.86031913632347,0.266302283084085
33.6144900010877,7.89235879673087,0.26158148756352
33.9258338274099,7.92402581852632,0.25694248521017
34.2400613797143,7.95532123686988,0.252383936863175
34.5571993676214,7.98624619514929,0.247904522528161
34.8772747481418,8.0168019415431,0.24350294120252
35.2003147279668,8.04698982559841,0.239177910698373
35.5263467657814,8.07681129482695,0.234928167463407
35.8553985745982,8.10626789132268,0.23075246639977
36.1874981241128,8.13536124840421,0.226649580681231
36.5226736430818,8.16409308728514,0.222618301568757
36.8609536217216,8.19246521377496,0.218657438224711
37.2023668141307,8.2204795150135,0.21476581752581
37.5469422407334,8.24813795624122,0.210942283875016
37.8947091907467,8.27544257760786,0.207185699012513
38.24569722467,8.30239549102162,0.203494941825907
38.5999361767977,8.3289988770409,0.1998689081598
38.957456157755,8.35525498181054,0.196306510624868
39.3182875570577,8.3811661140444,0.192806678406573
39.6824610456948,8.4067346420557,0.189368357073634
40.0500075787361,8.43196299083681,0.185990508386366
40.4209583979631,8.45685363918975,0.182672110105021
40.7953450345245,8.48140911690851,0.179412155798211
41.1731993116168,8.5056320020145,0.176209654651539
41.5545533471888,8.52952491804587,0.173063631276529
41.9394395566719,8.55309053140166,0.169973125519936
42.3278906557355,8.57633154874149,0.166937192273554
42.7199396630678,8.59925071444144,0.16395490128457
43.1156199031823,8.62185080810643,0.161025336966584
43.5149650092505,8.6441346421399,0.15814759821133
43.9180089259609,8.66610505937071,0.155320798201212
44.324785912404,8.68776493073766,0.152544064222692
44.7353305449847,8.70911715303183,0.149816537480611
45.149677720361,8.73016464669655,0.147137372913502
45.5678626584106,8.75091035368532,0.144505739009951
45.9899209052244,8.77135723537717,0.141920817626064
46.4158883361278,8.79150827054955,0.139381803804086
46.8458011587305,8.8113664534085,0.136887905592234
47.2796959160039,8.83093479167555,0.134438343865768
47.7176094893875,8.85021630473129,0.132032352149368
48.1595791019235,8.86921402181494,0.129669176440834
48.6056423214213,8.88793098027955,0.127348075036169
49.0558370636505,8.90637022390218,0.125068318356053
49.5102015955635,8.92453480124875,0.122829188773774
49.9687745385488,8.94242776409257,0.120629980444612
50.4315948717136,8.96005216588614,0.118469999136725
50.8987019351968,8.97741106028547,0.116348562063566
51.3701354335134,8.99450749972615,0.114264997717828
51.8459354389291,9.01134453405038,0.112218645706976
52.3261423948666,9.02792520918429,0.110208856590353
52.8107971193433,9.0442525658646,0.108234991717893
53.2999408084409,9.06032963841386,0.106296423070463
53.793615039807,9.07615945356337,0.104392533101826
54.2918617761894,9.09174502932295,0.102522714582267
54.7947233690029,9.10708937389659,0.100686370443866
55.302242561929,9.1221954846432,0.0988829136274484
55.8144624945496,9.13706634708138,0.0971117669312017
56.3314267060136,9.15170493393742,0.0953723628609861
56.8531791387375,9.16611420423557,0.0936641434823282
57.3797641421413,9.18029710242953,0.0919865602741074
57.9112264764176,9.19425655757442,0.09033907398394
58.4476113163363,9.2079954825381,0.0887211544852602
58.988964255085,9.22151677325093,0.0871322806360998
59.5353313081437,9.2348233079932,0.0855719401395661
60.0867589171969,9.24791794671896,0.0840396294060163
60.6432939540806,9.26080353041568,0.0825348534169269
61.204983724767,9.27348288049843,0.0810571255904549
61.7718759733849,9.28595879823806,0.0796059676486863
62.3440188862786,9.29823406422202,0.0781809094865676
62.9214610961034,9.31031143784726,0.0767814890425145
63.5042516859596,9.32219365684415,0.0754072521706916
64.0924401935645,9.33388343683041,0.0740577525149568
64.6860766154633,9.3453834708945,0.072732551384461
65.2852114112785,9.35669642920715,0.0714312176308982
65.8898955079995,9.36782495866056,0.0701533275273922
66.5001803043112,9.37877168253413,0.0688984646490166
67.1161176749628,9.38953920018607,0.0676662197549327
67.7377599751775,9.40013008676993,0.066456190672139
68.3651600451024,9.41054689297529,0.0652679821808195
68.9983712143002,9.42079214479183,0.0641012059012796
69.6374473062822,9.43086834329596,0.062955480182459
70.2824426430835,9.44077796445914,0.0618304299920091
70.93341204988,9.45052345897739,0.0607256868079221
71.5904108596489,9.46010725212092,0.0596408885117007
72.2534949178721,9.46953174360344,0.0585756792830528
72.9227205872831,9.47879930747018,0.0575297094961013
73.5981447526576,9.48791229200415,0.0565026356170925
74.2798248256492,9.49687301964977,0.0554941201035919
74.9678187496688,9.50568378695332,0.0545038313051517
75.6621850048106,9.51434686451945,0.0535314433654363
76.3629826128224,9.52286449698328,0.0525766361257928
77.070271142123,9.53123890299726,0.0516390950302498
77.7841107128649,9.53947227523226,0.0507185110319327
78.5045620020451,9.54756678039243,0.0498145805008776
79.2316862486625,9.55552455924302,0.0489270051332318
79.9655452589235,9.56334772665077,0.0480554918618249
80.7062014114951,9.57103837163624,0.0471997527680946
81.4537176628074,9.57859855743753,0.046359504995354
82.2081575524054,9.58603032158503,0.0455344706633835
82.9695852083491,9.5933356759864,0.0447243767843337
83.7380653526649,9.60051660702161,0.0439289551799224
84.5136633068472,9.60757507564731,0.0431479423999124
85.2964449974102,9.61451301751024,0.0423810796418537
86.0864769614925,9.6213323430691,0.0416281126720737
86.8838263525118,9.62803493772456,0.0408887917479041
87.6885609458743,9.6346226619569,0.040162871541124
88.5007491447344,9.64109735147094,0.039450111062609
89.3204599858097,9.64746081734774,0.0387502735881675
90.1477631452492,9.65371484620288,0.038063126585551
90.9827289445556,9.65986120035074,0.0373884416426227
91.8254283565628,9.66590161797464,0.0367259943966697
92.6759330114688,9.67183781330221,0.0360755644648432
93.5343152029239,9.677671476786,0.0354369353757136
94.400647894176,9.68340427528864,0.0348098945019222
95.2750047242729,9.68903785227259,0.0341942329939189
96.157460014321,9.69457382799387,0.0335897457147686
97.0480887738031,9.70001379969964,0.0329962311760123
97.946966706954,9.70535934182942,0.0324134914745688
98.8541702191957,9.71061200621945,0.0318413322306625
99.769776423632,9.71577332231013,0.0312795625267626
100.693863147603,9.72084479735621,0.0307279948475204
101.6265089393,9.72582791663943,0.0301864450206898
102.567793074442,9.73072414368357,0.0296547321590174
103.517795563018,9.73553492047143,0.0291326786030885
104.47659715608,9.74026166766371,0.0286201098651151
105.444279352617,9.74490578481953,0.0281168545736526
106.420924406472,9.74946865061833,0.0276227444192308
107.406615333343,9.7539516230831,0.0271376141008873
108.401435917833,9.75835603980458,0.026661301273589
109.405470720574,9.7626832181664,0.026193646496529
110.418805085416,9.76693445557098,0.0257344931822857
111.441525146679,9.77111102966582,0.0252836875468314
112.473717836475,9.7752141985704,0.0248410785603782
113.5154708921,9.77924520110319,0.0244065178990476
114.566872863487,9.78320525700886,0.023979859897352
115.628013120738,9.78709556718539,0.0235609615014763
116.698981861715,9.79091731391113,0.0231496822233458
117.779870119712,9.79467166107148,0.0227458840954703
118.87076977119,9.79835975438524,0.0223494316265516
119.971773543588,9.80198272163056,0.0219601917578417
121.082975023204,9.80554167287004,0.0215780338202425
122.204468663149,9.80903770067537,0.0212028294921327
123.336349791378,9.81247188035109,0.0208344527579132
124.478714618791,9.81584527015735,0.0204727798672574
125.631660247412,9.81915891153188,0.0201176892950569
126.795284678643,9.82241382931081,0.0197690617020516
127.969686821594,9.82561103194829,0.0194267798961325
129.154966501488,9.82875151173509,0.0190907287943073
130.351224468151,9.83183624501568,0.018760795385318
131.55856240457,9.83486619240425,0.0184368686929001
132.777082935543,9.83784229899908,0.0181188397396736
134.006889636395,9.84076549459559,0.0178066015116549
135.248087041788,9.84363669389789,0.0175000489233799
136.500780654601,9.84645679672869,0.0171990787836294
137.765076954905,9.84922668823768,0.0169035897617451
139.041083409007,9.85194723910818,0.0166134823545288
140.328908478587,9.85461930576224,0.0163286588537141
141.62866162992,9.85724373056382,0.0160490233140011
142.940453343176,9.85982134202035,0.0157744815216454
144.264395121816,9.86235295498249,0.0155049409635931
145.600599502065,9.864839370842,0.0152403107971511
146.949180062482,9.86728137772777,0.0149805018201852
148.31025143361,9.86967975070003,0.0147254264418368
149.683929307726,9.8720352519426,0.0144749986537504
151.070330448665,9.87434863095327,0.0142291340018017
152.469572701757,9.8766206247322,0.0139877495583204
153.881775003835,9.87885195796843,0.0137507638947977
155.307057393346,9.88104334322432,0.0135180970550706
156.74554102056,9.88319548111814,0.0132896705289764
158.19734815786,9.88530906050453,0.0130654072264676
159.662602210143,9.88738475865311,0.0128452314521814
161.141427725302,9.88942324142499,0.0126290688804545
162.633950404819,9.89142516344726,0.0124168465307774
164.140297114447,9.89339116828553,0.0122084927436787
165.660595894991,9.8953218886144,0.0120039371570351
167.194975973199,9.89721794638591,0.0118031106827962
168.743567772738,9.89907995299607,0.0116059454841212
170.306502925284,9.90090850944916,0.0114123749529165
171.883914281715,9.90270420652028,0.0112223336877707
173.475935923393,9.90446762491562,0.0110357574722786
175.082703173572,9.90619933543094,0.0108525832537473
176.704352608895,9.90789989910795,0.0106727491222791
178.341022071001,9.90956986738867,0.0104961942902243
179.992850678248,9.91120978226781,0.0103228590719968
181.659978837533,9.91282017644328,0.0101526848642472
183.342548256229,9.91440157346452,0.00998561412638768
185.04070195423,9.91595448787906,0.009821590361461
186.754584276108,9.917479425377,0.00966055809734933
188.48434090338,9.91897688293364,0.00950246286831629
190.230118866894,9.9204473489501,0.00934725119687658
191.992066559328,9.92189130339204,0.00919487057598771
193.770333747799,9.92330921792651,0.00904526945155817
195.565071586595,9.9247015560569,0.00889839720526641
197.376432630026,9.92606877325596,0.0087542041376857
199.204570845387,9.927411317097,0.00861264145170911
201.04964162605,9.92872962738323,0.00847366123626976
202.911801804668,9.93002413627524,0.00833721645035102
204.791209666509,9.93129526841672,0.00820326090728166
206.688024962908,9.93254344105831,0.00807174925931109
208.60240892485,9.93376906417967,0.00794263698245978
210.534524276671,9.93497254060984,0.00781588036163999
212.484535249888,9.93615426614574,0.00769143647604227
214.452607597167,9.93731462966903,0.00756926318478287
216.438908606402,9.93845401326116,0.0074493191128077
218.443607114943,9.93957279231682,0.00733156363704837
220.466873523941,9.94067133565557,0.00721595687282566
222.508879812837,9.94175000563195,0.00710245966049644
224.569799553977,9.94280915824374,0.00699103355233942
226.649807927369,9.94384914323883,0.00688164079967587
228.74908173557,9.94487030422025,0.00677424434022096
230.867799418717,9.94587297874971,0.00666880778566178
233.006141069692,9.94685749844959,0.00656529540945804
235.164288449435,9.94782418910325,0.00646367213486148
237.342425002387,9.94877337075392,0.00636390352315025
239.540735872088,9.94970535780194,0.00626595576207438
241.759407916913,9.95062045910061,0.00616979565450872
243.998629725955,9.9515189780505,0.00607539060730951
246.258591635055,9.95240121269221,0.0059827086203712
248.53948574298,9.95326745579783,0.00589171827587991
250.841505927754,9.95411799496082,0.00580238872775998
253.164847863136,9.95495311268455,0.00571468969131029
255.509709035251,9.95577308646944,0.00562859143302695
257.87628875938,9.95657818889867,0.0055440647606091
260.2647881969,9.95736868772254,0.00546108101314449
262.675410372384,9.95814484594155,0.00537961205147182
265.108360190854,9.95890692188802,0.0052996302487165
267.563844455205,9.95965516930659,0.0052211084809969
270.042071883777,9.96038983743313,0.00514402011829802
272.543253128103,9.96111117107275,0.00506833901550963
275.067600790807,9.96181941067624,0.00499403950362588
277.61532944368,9.96251479241538,0.00492109638110364
280.18665564592,9.96319754825709,0.00484948490537658
282.781797962534,9.96386790603625,0.00477918078452238
285.400976982924,9.96452608952745,0.00471016016908028
288.04441533963,9.96517231851544,0.00464239964401621
290.712337727258,9.96580680886453,0.00457587622083308
293.404970921579,9.96642977258679,0.00451056732982333
296.122543798803,9.96704141790917,0.00444645081246154
298.865287355038,9.96764194933942,0.00438350491393438
301.63343472592,9.96823156773109,0.00432170827580545
304.42722120643,9.96881047034722,0.00426103992881283
307.2468842709,9.96937885092317,0.00420147928579656
310.092663593193,9.96993689972836,0.00414300613475419
312.964801067075,9.97048480362684,0.00408560063202176
315.863540826782,9.97102274613708,0.0040292432955781
318.789129267765,9.97155090749055,0.00397391499847032
321.741815067637,9.97206946468944,0.0039195969623581
324.721849207313,9.97257859156338,0.00386627075117491
327.729484992338,9.97307845882519,0.00381391826490389
330.764978074424,9.97356923412569,0.00376252173346636
333.828586473176,9.97405108210761,0.00371206371072105
336.920570598027,9.9745241644586,0.00366252706857187
340.041193270371,9.97498863996324,0.00361389499118249
343.190719745904,9.97544466455431,0.00356615096929564
346.369417737173,9.97589239136313,0.00351927879465533
349.577557436328,9.97633197076896,0.00347326255453017
352.815411538088,9.97676355044772,0.00342808662633586
356.083255262928,9.97718727541978,0.00338373567235519
359.381366380463,9.97760328809686,0.00334019463455373
362.710025233065,9.97801172832836,0.0032974487294895
366.06951475969,9.97841273344664,0.00325548344331498
369.46012051993,9.97880643831167,0.00321428452686968
372.882130718283,9.97919297535489,0.00317383799086175
376.335836228653,9.97957247462231,0.003134130101137
379.821530619074,9.97994506381685,0.00309514737403375
383.33951017666,9.98031086833994,0.00305687657182193
386.890073932798,9.98067001133249,0.00301930469822496
390.473523688556,9.98102261371506,0.0029824189940229
394.090164040345,9.98136879422732,0.0029462069327354
397.740302405804,9.98170866946694,0.00291065621638306
401.424249049932,9.98204235392771,0.00287575477132563
405.142317111465,9.98236996003704,0.00284149074417591
408.894822629486,9.98269159819274,0.00280785249778776
412.682084570295,9.98300737679933,0.00277482860731701
416.504424854519,9.98331740230349,0.00274240785635389
420.362168384471,9.98362177922906,0.00271057923312577
424.255643071778,9.98392061021142,0.0026793319267688
428.185179865241,9.98421399603115,0.00264865532366736
432.151112778977,9.98450203564722,0.00261853900385998
436.153778920801,9.98478482622956,0.00258897273751064
440.193518520887,9.98506246319108,0.0025599464814441
444.270674960688,9.9853350402191,0.0025314503757443
448.385594802119,9.98560264930622,0.00250347474041453
452.538627817017,9.98586538078068,0.00247601007209835
456.730127016875,9.9861233233362,0.00244904704086014
460.960448682843,9.98637656406126,0.00242257648702411
465.229952396019,9.98662518846787,0.00239658941807091
469.539001068006,9.98686928051987,0.00237107700559058
473.887960971766,9.98710892266067,0.00234603058229093
478.277201772749,9.98734419584054,0.00232144163906044
482.707096560318,9.98757517954346,0.00229730182208442
487.178021879463,9.98780195181343,0.00227360293001377
491.690357762803,9.98802458928028,0.00225033691118515
496.244487762892,9.98824316718519,0.00222749586089184
500.840798984821,9.98845775940557,0.00220507201870416
505.479682119124,9.98866843847962,0.00218305776583867
510.161531474983,9.98887527563038,0.00216144562257532
514.886745013749,9.98907834078946,0.0021402282457215
519.655724382766,9.98927770262019,0.00211939842612232
524.468874949512,9.98947342854053,0.00209894908621623
529.326605836056,9.98966558474548,0.00207887327763503
534.229329953835,9.98985423622905,0.0020591641788477
539.17746403875,9.99003944680597,0.00203981509284703
544.171428686589,9.99022127913291,0.00202081944487844
549.211648388779,9.99039979472934,0.00200217078021012
554.298551568467,9.99057505399805,0.00198386276194374
559.432570616938,9.99074711624532,0.00196588916886512
564.614141930367,9.99091603970062,0.00194824389333399
569.843705946914,9.99108188153613,0.00193092093921212
575.121707184161,9.99124469788573,0.00191391441982935
580.448594276898,9.99140454386386,0.00189721855598651
585.824820015254,9.9915614735838,0.00188082767399478
591.250841383188,9.99171554017579,0.00186473620375082
596.727119597332,9.99186679580489,0.00184893867684683
602.254120146193,9.99201529168824,0.00183342972471524
607.832312829723,9.99216107811232,0.001818204076807
613.462171799251,9.99230420444975,0.0018032565588032
619.144175597784,9.99244471917576,0.00178858209085921
624.878807200689,9.99258266988445,0.00177417568588087
630.666554056741,9.99271810330474,0.00176003244783205
636.507908129557,9.99285106531601,0.00174614757007306
642.403365939419,9.99298160096343,0.00173251633372934
648.353428605472,9.99310975447312,0.00171913410608994
654.358601888324,9.99323556926692,0.00170599633903508
660.419396233031,9.99335908797698,0.00169309856749251
666.536326812491,9.99348035246005,0.00168043640792184
672.709913571234,9.99359940381149,0.00166800555682669
678.940681269611,9.99371628237912,0.00165580178929379
685.229159528406,9.99383102777671,0.00164382095755884
691.575882873852,9.99394367889729,0.00163205898959845
697.981390783066,9.99405427392622,0.00162051188774775
704.446227729904,9.99416285035401,0.00160917572734324
710.970943231243,9.9942694449889,0.00159804665539037
717.556091893693,9.99437409396924,0.00158712088925543
724.202233460732,9.99447683277566,0.00157639471538122
730.909932860291,9.99457769624294,0.00156586448802626
737.679760252773,9.99467671857175,0.0015555266280269
744.512291079513,9.99477393334019,0.00154537762158205
751.408106111697,9.994869373515,0.00153541401906002
758.367791499719,9.99496307146272,0.00152563243382721
765.391938823015,9.99505505896056,0.00151602954109807
772.48114514034,9.9951453672071,0.00150660207680611
779.636013040524,9.99523402683277,0.00149734683649544
786.857150693685,9.99532106791018,0.00148826067423258
794.145171902934,9.99540651996425,0.00147934050153809
801.50069615654,9.99549041198214,0.00147058328633768
808.924348680594,9.99557277242302,0.00146198605193252
816.416760492147,9.99565362922766,0.00145354587598821
823.978568452852,9.99573300982786,0.00144525988954232
831.610415323096,9.99581094115568,0.00143712527603
839.312949816636,9.99588744965248,0.00142913927032726
847.08682665574,9.99596256127792,0.00142129915781192
854.932706626838,9.99603630151862,0.00141360227344146
862.85125663669,9.99610869539685,0.00140604600084787
870.843149769072,9.99617976747888,0.0013986277714489
878.909065341995,9.99624954188332,0.00139134506357563
887.04968896544,9.99631804228925,0.00138419540161584
895.26571259964,9.99638529194421,0.00137717635517313
903.557834613893,9.996451313672,0.00137028553824128
911.92675984593,9.99651612988047,0.00136352060839377
920.373199661822,9.99657976256903,0.001356879265988
928.89787201645,9.99664223333607,0.00135035925338411
937.501501514529,9.99670356338627,0.001343958354178
946.1848194722,9.99676377353775,0.00133767439244839
954.948563979197,9.99682288422914,0.00133150523201756
963.793479961579,9.99688091552641,0.00132544877572568
972.720319245054,9.99693788712974,0.00131950296471828
981.729840618884,9.9969938183801,0.00131366577774677
990.82280990038,9.99704872826583,0.00130793523048176
1000,9.99710263542899,0.00130230937483884
