freqs,W1,W2,W3
0.01,9.996,0.000908999100181801,0.00100035883384075
0.0101392540755882,9.9958878672057,0.000921742807708602,0.00100036889785294
0.0102804473209331,9.99577259230004,0.000934843833847746,0.00100037924414253
0.010423606739764,9.99565408731243,0.000948312195224696,0.00100038988062791
0.010568759711848,9.99553226181363,0.000962158189135162,0.00100040081544962
0.0107159339982267,9.99540702284729,0.000976392401402592,0.00100041205697666
0.0108651577465254,9.99527827485959,0.000991025714455228,0.00100042361381282
0.0110164594963366,9.99514591962694,0.00100606931562886,0.00100043549480335
0.0111698681846782,9.99500985618163,0.00102153470570156,0.00100044770904168
0.0113254131515281,9.99486998073552,0.00103743370766679,0.00100046026587642
0.0114831241454351,9.99472618660157,0.00105377847575164,0.00100047317491852
0.0116430313292088,9.99457836411317,0.00107058150468693,0.00100048644604863
0.011805165285688,9.99442640054134,0.00108785563923609,0.00100050008942467
0.0119695570235904,9.99427018000956,0.00110561408399031,0.00100051411548962
0.0121362379834424,9.99410958340629,0.00112387041343698,0.00100052853497955
0.0123052400435926,9.99394448829513,0.00114263858230931,0.00100054335893179
0.0124765955263087,9.99377476882237,0.00116193293622482,0.00100055859869347
0.012650337203959,9.99360029562215,0.00118176822262071,0.00100057426593014
0.0128264983052806,9.99342093571893,0.00120215960199439,0.00100059037263477
0.0130051125217341,9.99323655242731,0.00122312265945772,0.00100060693113694
0.0131862140139475,9.99304700524906,0.00124467341661338,0.00100062395411226
0.0133698374182495,9.99285214976737,0.00126682834376276,0.00100064145459212
0.0135560178532937,9.99265183753822,0.00128960437245412,0.00100065944597369
0.0137447909267754,9.99244591597865,0.00131301890838073,0.00100067794203018
0.0139361927422414,9.99223422825215,0.00133708984463858,0.00100069695692138
0.0141302599059953,9.99201661315075,0.00136183557535372,0.00100071650520457
0.0143270295340983,9.99179290497399,0.00138727500968927,0.00100073660184568
0.0145265392594678,9.99156293340454,0.00141342758624289,0.00100075726223074
0.014728827239075,9.99132652338045,0.00144031328784525,0.00100077850217769
0.0149339321612425,9.99108349496384,0.0014679526567708,0.00100080033794855
0.0151418932530435,9.99083366320615,0.00149636681037213,0.00100082278626187
0.0153527502878042,9.99057683800954,0.00152557745714963,0.00100084586430558
0.0155665435927106,9.99031282398471,0.00155560691326856,0.00100086958975016
0.0157833140565212,9.99004142030465,0.00158647811953585,0.00100089398076222
0.016003103137387,9.98976242055461,0.00161821465884922,0.00100091905601844
0.0162259528707809,9.98947561257787,0.00165084077413191,0.0010009448347199
0.0164519058775366,9.98918077831736,0.00168438138676608,0.00100097133660686
0.0166810053720006,9.98887769365299,0.00171886211553898,0.00100099858197384
0.0169132951702965,9.98856612823463,0.00175430929611572,0.00100102659168531
0.0171488196987054,9.98824584531045,0.00179075000105338,0.00100105538719161
0.0173876240021625,9.98791660155074,0.00182821206037117,0.00100108499054552
0.0176297537528721,9.98757814686694,0.00186672408269214,0.00100111542441912
0.0178752552590424,9.98723022422575,0.00190631547697197,0.00100114671212127
0.0181241754737424,9.98687256945832,0.00194701647483114,0.00100117887761549
0.0183765620038817,9.98650491106421,0.0019888581535069,0.00100121194553836
0.0186324631193156,9.98612697001017,0.00203187245944225,0.00100124594121851
0.0188919277620767,9.98573845952348,0.00207609223252921,0.00100128089069603
0.0191550055557353,9.98533908487977,0.00212155123102446,0.00100131682074253
0.0194217468148903,9.98492854318514,0.00216828415715571,0.00100135375888169
0.0196922025547917,9.98450652315249,0.00221632668343778,0.00100139173341047
0.0199664245010979,9.98407270487187,0.00226571547971772,0.00100143077342081
0.020244465099768,9.98362675957471,0.00231648824096902,0.00100147090882207
0.0205263775270925,9.9831683493918,0.00236868371585525,0.00100151217036401
0.0208122156998634,9.9826971271048,0.00242234173608434,0.00100155458966044
0.021102034285686,9.98221273589121,0.00247750324657482,0.00100159819921359
0.0213958887134342,9.98171480906257,0.00253421033645636,0.00100164303243908
0.0216938351838518,9.98120296979573,0.00259250627092732,0.00100168912369165
0.0219959306803007,9.98067683085707,0.00265243552399251,0.00100173650829165
0.0223022329796594,9.98013599431942,0.0027140438121052,0.00100178522255219
0.0226128006633728,9.97958005127154,0.00277737812873803,0.00100183530380717
0.0229276931286565,9.97900858152006,0.00284248677990779,0.00100188679043996
0.0232469705998565,9.97842115328349,0.00290941942068028,0.00100193972191304
0.0235706941399673,9.97781732287837,0.00297822709268145,0.00100199413879841
0.0238989256623105,9.97719663439714,0.00304896226264237,0.00100205008280881
0.024231727942376,9.97655861937767,0.0031216788620058,0.00100210759682995
0.0245691646298279,9.97590279646425,0.00319643232762309,0.00100216672495352
0.0249113002606779,9.97522867105978,0.00327327964357088,0.00100222751251125
0.0252582002696278,9.97453573496892,0.00335227938411766,0.00100229000610985
0.0256099310025846,9.97382346603217,0.00343349175787127,0.00100235425366699
0.0259665597293487,9.97309132775046,0.0035169786531391,0.00100242030444828
0.0263281546564802,9.97233876890014,0.00360280368453339,0.00100248820910531
0.0266947849403432,9.97156522313815,0.00369103224085525,0.00100255801971475
0.0270665207003324,9.97077010859716,0.00378173153429152,0.00100262978981863
0.0274434330322837,9.96995282747035,0.00387497065095956,0.00100270357446563
0.0278255940220712,9.96911276558574,0.00397082060283613,0.00100277943025368
0.0282130767593947,9.96824929196976,0.00406935438110714,0.00100285741537372
0.0286059553517574,9.96736175839984,0.00417064701097614,0.00100293758965466
0.0290043049386399,9.9664494989458,0.00427477560797041,0.00100302001460969
0.0294082017058706,9.96551182949973,0.00438181943578435,0.00100310475348387
0.0298177229001967,9.96454804729423,0.00449185996570096,0.00100319187130308
0.0302329468440578,9.9635574304087,0.00460498093763313,0.00100328143492437
0.0306539529505653,9.96253923726336,0.0047212684228276,0.00100337351308777
0.0310808217386906,9.96149270610093,0.00484081088827537,0.00100346817646948
0.0315136348486648,9.96041705445553,0.00496369926287351,0.00100356549773672
0.0319524750575921,9.9593114786087,0.0050900270053844,0.00100366555160405
0.032397426295282,9.95817515303209,0.00521989017423949,0.0010037684148913
0.0328485736603004,9.95700722981684,0.00535338749923586,0.00100387416658319
0.0333060034362459,9.95580683808912,0.00549062045517507,0.00100398288789066
0.0337698031082509,9.9545730834117,0.00563169333749477,0.00100409466231389
0.0342400613797143,9.95330504717134,0.00577671333994497,0.00100420957570722
0.0347168681892656,9.95200178595162,0.00592579063436203,0.00100432771634584
0.0352003147279668,9.95066233089097,0.00607903845259463,0.00100444917499443
0.0356904934567523,9.9492856870258,0.00623657317063714,0.00100457404497775
0.0361874981241128,9.94787083261818,0.00639851439502736,0.00100470242225333
0.0366914237840249,9.94641671846813,0.00656498505156682,0.00100483440548609
0.0372023668141307,9.94492226721004,0.00673611147642292,0.00100497009612526
0.03772042493417,9.94338637259302,0.0069120235096739,0.00100510959848344
0.03824569722467,9.94180789874504,0.00709285459135875,0.00100525301981791
0.0387782841458946,9.94018567942045,0.00727874186009562,0.00100540047041433
0.0393182875570577,9.93851851723073,0.00746982625433392,0.00100555206367282
0.0398658107358044,9.93680518285829,0.0076662526163062,0.00100570791619651
0.0404209583979631,9.93504441425288,0.00786816979874806,0.0010058681478827
0.0409838367175726,9.93323491581067,0.008075730774455,0.00100603288201655
0.0415545533471888,9.93137535753558,0.0082890927487475,0.00100620224536759
0.0421332174384729,9.92946437418268,0.00850841727491625,0.00100637636828892
0.0427199396630678,9.92750056438354,0.00873387037272157,0.00100655538481936
0.043314832233764,9.92548248975325,0.00896562265002234,0.00100673943278846
0.0439180089259609,9.92340867397906,0.00920384942761129,0.00100692865392466
0.0445295850994266,9.92127760189025,0.00944873086733508,0.00100712319396651
0.045149677720361,9.91908771850937,0.00970045210357933,0.00100732320277714
0.0457784053837662,9.91683742808445,0.00995920337819993,0.00100752883446204
0.0464158883361278,9.91452509310222,0.0102251801789841,0.00100774024749031
0.0470622484984128,9.91214903328221,0.0104985833817256,0.00100795760481937
0.0477176094893875,9.90970752455155,0.0107796193960005,0.00100818107402336
0.0483820966492596,9.90719879800058,0.0110685003147318,0.00100841082742523
0.0490558370636505,9.90462103881906,0.011365444067632,0.00100864704223274
0.0497389595879006,9.90197238521305,0.0116706745786143,0.00100888990067839
0.0504315948717136,9.89925092730251,0.0119844219272663,0.00100913959016344
0.0511338753841433,9.89645470599953,0.0123069225144793,0.00100939630340619
0.0518459354389291,9.89358171186736,0.0126384192323292,0.00100966023859457
0.0525679112201842,9.89062988396035,0.0129791616383069,0.00100993159954319
0.0532999408084409,9.88759710864487,0.0133294061339963,0.00101021059585503
0.0540421642070592,9.88448121840137,0.0136894161483006,0.0010104974430879
0.0547947233690029,9.88127999060792,0.0140594623253186,0.00101079236292576
0.0555577622239888,9.87799114630534,0.0144398227169746,0.00101109558335509
0.0563314267060135,9.87461234894425,0.0148307829805054,0.00101140733884655
0.0571158647812643,9.87114120311451,0.0152326365809125,0.00101172787054184
0.0579112264764176,9.86757525325723,0.0156456849984841,0.0010120574264463
0.0587176639073326,9.86391198236001,0.0160702379414978,0.00101239626162701
0.0595353313081437,9.86014881063581,0.0165066135642129,0.00101274463841696
0.0603643850607587,9.85628309418596,0.0169551386902627,0.00101310282662509
0.061204983724767,9.85231212364817,0.0174161490415596,0.00101347110375278
0.062057288067765,9.84823312282996,0.0178899894728258,0.00101384975521662
0.0629214610961034,9.84404324732849,0.0183770142118632,0.00101423907457797
0.0637976680860628,9.83973958313757,0.0188775871056772,0.00101463936377923
0.0646860766154633,9.83531914524272,0.0193920818725699,0.00101505093338736
0.0655868565957143,9.83077887620543,0.0199208823603193,0.00101547410284454
0.0665001803043112,9.82611564473763,0.0204643828105596,0.00101590920072648
0.0674262224177834,9.82132624426756,0.0210229881294806,0.00101635656500841
0.0683651600451024,9.81640739149839,0.0215971141649622,0.00101681654333916
0.0693171727615541,9.81135572496101,0.0221871879902621,0.00101728949332348
0.0702824426430835,9.80616780356237,0.0227936481943724,0.00101777578281289
0.0712611543011175,9.80084010513118,0.0234169451791626,0.00101827579020534
0.0722534949178721,9.7953690249626,0.0240575414634241,0.00101878990475404
0.0732596542821523,9.78975087436378,0.0247159119939325,0.00101931852688556
0.0742798248256492,9.78398187920237,0.0253925444636411,0.00101986206852772
0.0753142016597437,9.77805817845997,0.0260879396371192,0.00102042095344748
0.0763629826128224,9.77197582279302,0.0268026116833476,0.00102099561759908
0.0774263682681127,9.76573077310334,0.0275370885159793,0.00102158650948302
0.0785045620020451,9.75931889912112,0.0282919121411752,0.00102219409051587
0.0795977700231499,9.75273597800294,0.0290676390131199,0.00102281883541163
0.080706201411495,9.74597769294789,0.0298648403973201,0.00102346123257478
0.0818300681586739,9.73903963183484,0.0306841027417853,0.00102412178450546
0.0829695852083491,9.7319172858841,0.0315260280561884,0.00102480100821728
0.0841249704973612,9.72460604834703,0.0323912342990969,0.00102549943566806
0.0852964449974103,9.71710121322726,0.0332803557733648,0.00102621761420396
0.0864842327573172,9.7093979740373,0.0341940435297681,0.00102695610701754
0.0876885609458743,9.70149142259484,0.0351329657789615,0.0010277154936201
0.0889096598952916,9.69337654786282,0.0360978083118303,0.00102849637032879
0.0901477631452492,9.68504823483802,0.0370892749283022,0.00102929935076916
0.0914031074875623,9.67650126349267,0.0381080878746807,0.0010301250663934
0.0926759330114688,9.66773030777451,0.0391549882895487,0.00103097416701507
0.0939664831495469,9.65872993467001,0.0402307366582902,0.0010318473213607
0.0952750047242729,9.6494946033368,0.0413361132762611,0.00103274521763894
0.0966017479952265,9.64001866431059,0.0424719187206373,0.00103366856412784
0.097946966706954,9.63029635879303,0.0436389743309537,0.00103461808978084
0.099310918137498,9.62032181802641,0.0448381226983388,0.00103559454485222
0.100693863147603,9.61008906276218,0.0460702281634365,0.00103659870154262
0.102096066230605,9.59959200282965,0.0473361773229935,0.0010376313546653
0.103517795563018,9.58882443681254,0.0486368795450788,0.00103869332233401
0.104959323055823,9.57778005184023,0.0499732674928851,0.00103978544667301
0.106420924406472,9.56645242350197,0.0513462976570452,0.0010409085945503
0.107902879151618,9.55483501589148,0.0527569508963839,0.00104206365833461
0.109405470720574,9.5429211817907,0.0542062329870015,0.00104325155667723
0.110928986489522,9.5307041630009,0.0556951751795712,0.00104447323531939
0.112473717836475,9.51817709083023,0.057224834764708,0.00104572966792621
0.114039960197003,9.5053329867467,0.0587962956462487,0.00104702185694822
0.115628013120738,9.49216476320607,0.0604106689222554,0.00104835083451128
0.11723818032866,9.4786652246644,0.0620690934735314,0.0010497176633361
0.11887076977119,9.46482706878508,0.0637727365594146,0.00105112343768838
0.120526093687084,9.45064288785067,0.0655227944205823,0.00105256928436071
0.122204468663149,9.43610517039002,0.0673204928885715,0.00105405636368731
0.123906215694792,9.42120630303136,0.0691670880016931,0.00105558587059295
0.125631660247412,9.40593857259224,0.0710638666269757,0.00105715903567729
0.127381132318648,9.39029416841764,0.0730121470877505,0.00105877712633585
0.129154966501488,9.37426518497732,0.0750132797964438,0.00106044144791916
0.130953502048267,9.35784362473418,0.0770686478921075,0.00106215334493128
0.132777082935543,9.34102140129509,0.079179667882179,0.00106391420226952
0.134626057929891,9.32379034285609,0.0813477902879155,0.00106572544650647
0.136500780654601,9.3061421959536,0.0835745002929035,0.00106758854721639
0.138401609657313,9.2880686295339,0.0858613183939979,0.00106950501834735
0.140328908478587,9.2695612393524,0.0882098010539926,0.00107147641964093
0.142283045721435,9.25061155271496,0.0906215413552737,0.00107350435810143
0.144264395121816,9.23121103357287,0.0930981696536509,0.00107559048951631
0.146273335620113,9.21135108798339,0.0956413542315034,0.00107773652003002
0.14831025143361,9.19102306994727,0.0982528019493192,0.00107994420777309
0.150375532129974,9.17021828763485,0.10093425889464,0.00108221536454883
0.152469572701757,9.14892801001163,0.103687511027361,0.00108455185757978
0.154592773641948,9.12714347387414,0.10651438482026,0.0010869556113162
0.156745541020559,9.10485589130668,0.109416747893571,0.00108942860930919
0.158928286562298,9.08205645756853,0.112396509642325,0.00109197289615085
0.161141427725302,9.05873635942129,0.115455621855118,0.00109459057948423
0.163385387780986,9.03488678390495,0.118596079322872,0.00109728383208569
0.165660595894991,9.01049892757089,0.121819920436088,0.00110005489402282
0.167967487209265,8.985564006179,0.12512922776898,0.0011029060748906
0.170306502925284,8.96007326486535,0.128526128648812,0.00110583975612925
0.172678090388436,8.93401798878601,0.132012795708636,0.0011088583934268
0.175082703173572,8.90738951424128,0.135591447421576,0.00111196451921
0.177520801171763,8.88017924028357,0.139264348614652,0.00111516074522696
0.179992850678248,8.85237864081115,0.143033810960075,0.00111844976522536
0.182499324481615,8.82397927714809,0.146902193441816,0.00112183435773011
0.18504070195423,8.7949728111098,0.150871902795146,0.0011253173889244
0.187617469143912,8.76535101855169,0.15494539391674,0.00112890181563854
0.190230118866894,8.7351058033968,0.159125170242814,0.00113259068845083
0.192879150802078,8.70422921213662,0.163413784092637,0.00113638715490517
0.195565071586595,8.67271344879721,0.167813836974669,0.00114029446285025
0.198288394912707,8.64055089036099,0.172327979852417,0.00114431596390515
0.20104964162605,8.60773410263204,0.176958913367,0.00114845511705685
0.203849339825246,8.574255856531,0.181709388013276,0.00115271549239487
0.206688024962908,8.54010914480305,0.186582204266258,0.0011571007749889
0.209566239948043,8.50528719912001,0.191580212654404,0.00116161476891531
0.212484535249888,8.46978350755526,0.196706313776266,0.00116626140143874
0.215443469003188,8.43359183240752,0.201963458256796,0.0011710447273553
0.218443607114943,8.39670622834671,0.207354646639537,0.00117596893350413
0.221485523372636,8.35912106085262,0.21288292921074,0.00118103834345433
0.224569799553977,8.32083102491412,0.21855140575134,0.00118625742237473
0.227697025538168,8.28183116395388,0.224363225212601,0.0011916307820941
0.230867799418717,8.24211688894057,0.230321585311087,0.00119716318635993
0.234082727617829,8.20168399764792,0.236429732038501,0.00120285955630401
0.237342425002387,8.16052869401657,0.24269095908181,0.0012087249761238
0.240647515001542,8.11864760757231,0.249108607148952,0.00121476469898838
0.243998629725955,8.07603781285095,0.2556860631953,0.00122098415317892
0.247396410088681,8.0326968487776,0.262426759545945,0.00122738894847316
0.250841505927754,7.98862273794511,0.26933417290878,0.00123398488278474
0.254334576130465,7.94381400573378,0.276411823273217,0.00124077794906778
0.25787628875938,7.8982696992121,0.283663272689348,0.00124777434249831
0.261467321180109,7.85198940575539,0.291092123922224,0.00125498046794419
0.265108360190854,7.80497327131753,0.298702018975885,0.00126240294773589
0.268800102153761,7.75722201828808,0.306496637481713,0.00127004862975089
0.272543253128103,7.70873696286597,0.314479694945638,0.00127792459582512
0.276338529005317,7.65952003187871,0.322654940848694,0.00128603817050545
0.28018665564592,7.60957377897483,0.331026156595409,0.00129439693015772
0.28408836901833,7.5589014001161,0.339597153304524,0.00130300871244552
0.28804441533963,7.50750674829523,0.348371769436553,0.00131188162619565
0.292055551218275,7.45539434740422,0.35735386825275,0.00132102406166663
0.296122543798803,7.40256940517823,0.36654733510011,0.00133044470123764
0.300246170908555,7.34903782514026,0.375956074517124,0.00134015253053581
0.30442722120643,7.29480621747233,0.38558400715512,0.00135015685002058
0.308666494333727,7.23988190873981,0.395435066510194,0.00136046728704467
0.312964801067075,7.18427295039715,0.405513195460874,0.0013710938084121
0.317322963473498,7.1279881260049,0.415822342606888,0.00138204673345443
0.321741815067637,7.07103695709032,0.426366458404649,0.0013933367476473
0.326222200971167,7.01342970758666,0.437149491095341,0.00140497491679058
0.330764978074424,6.95517738678921,0.448175382421794,0.00141697270177584
0.335371015200293,6.89629175077018,0.459448063130709,0.00142934197396655
0.340041193270371,6.83678530219849,0.470971448257152,0.00144209503121686
0.344776405473446,6.77667128851495,0.48274943218872,0.00145524461455632
0.349577557436328,6.7159636984188,0.4947858835072,0.00146880392556888
0.354445567397043,6.65467725662655,0.507084639606113,0.0014827866444957
0.359381366380463,6.59282741687045,0.519649501083083,0.00149720694909253
0.364385898376354,6.53043035310974,0.532484225906584,0.00151207953427375
0.36946012051993,6.46750294893489,0.5455925233573,0.00152741963257652
0.374605003274899,6.40406278515174,0.558978047745027,0.00154324303547968
0.379821530619073,6.34012812553993,0.572644391902833,0.0015595661156138
0.385110700232557,6.27571790078738,0.586595080460985,0.00157640584989996
0.390473523688556,6.21085169061058,0.600833562904031,0.00159377984365666
0.395911026646846,6.14554970407821,0.615363206415337,0.00161170635571567
0.401424249049932,6.07983275816373,0.630187288514345,0.00163020432458948
0.407014245321944,6.0137222545608,0.645308989492807,0.00164929339573457
0.412682084570295,5.94724015480347,0.660731384657362,0.00166899394995686
0.418428850790158,5.88040895374121,0.676457436386861,0.00168932713300709
0.424255643071778,5.81325165142695,0.692489986014036,0.00171031488641642
0.430163575810679,5.74579172348424,0.708831745542287,0.00173197997962409
0.4361537789208,5.67805309002699,0.725485289209559,0.00175434604345135
0.44222739805059,5.6100600832132,0.742453044912565,0.00177743760497806
0.448385594802119,5.54183741352063,0.759737285505876,0.00180128012388056
0.45462954695324,5.4734101348395,0.777340119991705,0.00182590003029183
0.460960448682843,5.40480360848328,0.79526348461754,0.00185132476424741
0.467379510799246,5.33604346622464,0.8135091339001,0.00187758281678321
0.473887960971765,5.26715557246875,0.832078631595445,0.00190470377275377
0.480487043965513,5.19816598568096,0.85097334163639,0.00193271835544257
0.487178021879463,5.12910091918975,0.870194419059695,0.0019616584730387
0.493962174387832,5.05998670148959,0.88974280094683,0.00199155726705713
0.500840798984821,4.99084973617086,0.909619197403339,0.00202244916278317
0.507815211232767,4.92171646160611,0.929824082603138,0.00205436992182458
0.51488674501375,4.85261331052337,0.950357685925195,0.00208735669685844
0.522056752784698,4.78356666959786,0.971219983211219,0.00212144808866317
0.529326605836056,4.7146028391931,0.992410688174044,0.0021566842055297
0.536697694554048,4.64574799338207,1.01392924398734,0.00219310672514978
0.544171428686589,4.57702814037691,1.03577481508823,0.00223075895908275
0.551749237612913,4.50846908349393,1.05794627922511,0.00226968591990688
0.559432570616938,4.44009638277739,1.08044221978373,0.00230993439116487
0.567222897164454,4.37193531740203,1.10326091842502,0.0023515530002178
0.575121707184161,4.30401084897008,1.12640034806875,0.00239459229412641
0.583130511352622,4.23634758581358,1.14985816625705,0.00243910481868294
0.591250841383188,4.16896974840729,1.1736317089324,0.00248514520072194
0.599484250318941,4.101901135992,1.19771798466409,0.00253277023384329
0.607832312829723,4.03516509450088,1.22211366935739,0.002582038967686
0.616296625513294,3.96878448587552,1.24681510147887,0.00263301280089677
0.624878807200689,3.9027816588505,1.27181827783104,0.00268575557794282
0.633580499265825,3.83717842127813,1.29711884990824,0.00274033368992462
0.642403365939419,3.77199601405729,1.32271212086519,0.00279681617954968
0.65134909462728,3.70725508672207,1.34859304312783,0.00285527485043552
0.66041939623303,3.64297567473834,1.37475621667509,0.00291578438091576
0.669616005485322,3.57917717854758,1.4011958880184,0.00297842244253059
0.678940681269611,3.51587834438989,1.42790594990367,0.00304326982338943
0.68839520696455,3.45309724692926,1.45487994175875,0.00311041055660118
0.697981390783066,3.39085127369656,1.48211105090691,0.00317993205397462
0.707701066118189,3.32915711135782,1.50959211456437,0.00325192524519976
0.717556091893693,3.26803073380727,1.53731562263711,0.00332648472272834
0.727548352919623,3.20748739207768,1.56527372132983,0.00340370889258079
0.737679760252773,3.14754160605281,1.59345821757621,0.00348370013131482
0.747952251562182,3.08820715796021,1.6218605842969,0.00356656494940045
0.758367791499719,3.02949708761597,1.65047196648828,0.00365241416125495
0.768928372075831,2.97142368938677,1.67928318814137,0.003741363062201
0.779636013040523,2.91399851082885,1.70828475998697,0.00383353161262143
0.790492762269642,2.85723235295823,1.7374668880593,0.00392904462959368
0.801500696156541,2.80113527210144,1.76681948306678,0.00402803198629804
0.812661920009195,2.74571658327159,1.79633217055489,0.00413062881950463
0.823978568452852,2.69098486501086,1.82599430184217,0.00423697574545509
0.835452805838287,2.63694796563631,1.85579496570686,0.00434721908446697
0.847086826655741,2.58361301082367,1.88572300079793,0.00446151109460052
0.858882855954625,2.53098641246029,1.91576700874046,0.0045800102147401
0.870843149769072,2.479073878697,1.94591536790206,0.00470288131745548
0.882969995549409,2.4278804251263,1.97615624778346,0.00483029597202083
0.89526571259964,2.37741038701354,2.00647762399306,0.00496243271798369
0.907732652521023,2.32766743250637,2.03686729376229,0.00509947734968948
0.920373199661822,2.27865457674773,2.06731289195569,0.00524162321218196
0.933189771573324,2.2303741968173,2.09780190752675,0.00538907150891477
0.9461848194722,2.18282804742662,2.1283217003684,0.00554203162172443
0.959360828709314,2.13601727729384,2.15885951850458,0.0057007214435311
0.972720319245054,2.08994244612493,2.18940251556771,0.00586536772424937
0.986265846131282,2.04460354212939,2.21993776850485,0.00603620643040785
1,2,2.25045229545455,0.0062134831189939
1.01392540755882,1.95613071928806,2.28093307373489,0.00639745332605661
1.02804473209331,1.91299408310725,2.31136705788307,0.00658838297061968
1.0423606739764,1.87058797710169,2.34174119768606,0.00678654877447396
1.0568759711848,1.82890980861597,2.37204245614232,0.00699223869843824
1.07159339982267,1.78795652600744,2.40225782729459,0.00720575239569612
1.08651577465254,1.74772463804361,2.43237435387462,0.0074274016828368
1.10164594963366,1.70821023333038,2.46237914470175,0.00765751102924726
1.11698681846782,1.66940899971933,2.49225939177841,0.00789641806552423
1.13254131515281,1.63131624364552,2.5220023870274,0.00814447411159527
1.14831241454351,1.59392690934979,2.55159553861774,0.00840204472525926
1.16430313292088,1.55723559794259,2.58102638682801,0.00866951027187897
1.18051652856881,1.52123658626951,2.6102826193987,0.0089472665159799
1.19695570235904,1.4859238455411,2.63935208632765,0.00923572523553232
1.21362379834424,1.45129105969294,2.6682228140658,0.00953531485971619
1.23052400435926,1.41733164344443,2.69688301907342,0.00984648113099145
1.24765955263087,1.38403876002776,2.72532112070043,0.0101696877923199
1.2650337203959,1.35140533856105,2.75352575335775,0.0105054173004079
1.28264983052806,1.31942409104248,2.78148577795042,0.0108541715658638
1.30051125217341,1.28808752894471,2.80919029254653,0.0112164727211861
1.31862140139475,1.25738797939147,2.8366286422602,0.0115928639175248
1.33698374182495,1.22731760090035,2.86379042833018,0.0119839101511801
1.35560178532937,1.1978683986785,2.89066551637976,0.0123901991208283
1.37447909267754,1.16903223945974,2.91724404384731,0.0128123421164875
1.39361927422414,1.14080086587399,2.94351642658051,0.0132509749412605
1.41302599059953,1.11316591034176,2.96947336459118,0.0137067588669157
1.43270295340983,1.08611890848819,2.99510584697094,0.0141803816243885
1.45265392594678,1.05965131207328,3.02040515597173,0.0146725584303123
1.4728827239075,1.03375450143613,3.04536287025851,0.0151840330507056
1.49339321612425,1.00841979745285,3.06997086734453,0.0157155789029687
1.51418932530435,0.983638473009268,3.09422132522303,0.0162680001973605
1.53527502878042,0.959401763990636,3.11810672321175,0.0168421331191485
1.55665435927106,0.935700879792019,3.14161984202967,0.017438847052643
1.57833140565212,0.912527013354045,3.16475376312791,0.0180590458483468
1.6003103137387,0.889871350729785,3.18750186729894,0.0187036691344657
1.62259528707809,0.8677250801894,3.20985783259057,0.0193736936740429
1.64519058775366,0.846079400870126,3.23181563155306,0.020070134768993
1.66810053720006,0.824925530979827,3.25336952784956,0.0207940477123237
1.69132951702965,0.804254715563101,3.27451407226138,0.0215465292898437
1.71488196987054,0.78405823383946,3.29524409812116,0.0223287193326616
1.73876240021625,0.764327406123641,3.31555471620808,0.0231418023217881
1.76297537528721,0.745053600338568,3.33544130913999,0.023987009046153
1.78752552590424,0.726228238131809,3.35489952529833,0.0248656183153515
1.81241754737424,0.707842800606749,3.373925272322,0.0257789587284282
1.83765620038817,0.689888833679887,3.39251471020693,0.0267284104999987
1.86324631193156,0.672357953075911,3.41066424404793,0.0277154073450017
1.88919277620767,0.655241848972328,3.42837051645983,0.0287414384233517
1.91550055557353,0.6385322903055,3.44563039971443,0.029808050345749
1.94217468148903,0.622221128750029,3.46244098762962,0.0309168492418733
1.96922025547917,0.606300302383403,3.47879958724662,0.0320695028921583
1.99664245010979,0.590761839047795,3.49470371033074,0.0332677429243065
2.0244465099768,0.57559785942088,3.51015106473032,0.0345133670756618
2.05263775270925,0.560800579807352,3.52513954562775,0.0358082415225049
2.08122156998634,0.546362314662798,3.53966722671587,0.0371543032772812
2.11020342856859,0.532275478861353,3.55373235133165,0.0385535626547037
2.13958887134342,0.518532589718439,3.56733332357847,0.0400081058076003
2.16938351838518,0.505126268779676,3.58046869946707,0.0415200973332909
2.19959306803007,0.492049243386825,3.59313717810418,0.0430917829511892
2.23022329796594,0.479294348031427,3.6053375929566,0.0447254922522171
2.26128006633728,0.466854525506539,3.61706890321754,0.0464236415205104
2.29276931286565,0.454722827866709,3.62833018530057,0.0481887366277648
2.32469705998565,0.442892417206098,3.63912062448562,0.050023376000435
2.35706941399673,0.431356566264349,3.64943950673989,0.0519302536598486
2.38989256623105,0.420108658869541,3.65928621073565,0.0539121623351313
2.4231727942376,0.409142190227305,3.66866020008565,0.0559719966486586
2.45691646298279,0.398450767064853,3.67756101581537,0.0581127563735568
2.49113002606779,0.388028107638406,3.68598826909058,0.0603375497625627
2.52582002696278,0.377868041612228,3.6939416342173,0.0626495969473217
2.56099310025846,0.367964509817155,3.70142084193005,0.0650522334069606
2.59665597293487,0.358311563896245,3.7084256729834,0.0675489135045022
2.63281546564802,0.348903365844872,3.71495595206058,0.0701432140894056
2.66947849403432,0.339734187452321,3.72101154201193,0.0728388381642099
2.70665207003324,0.330798409651642,3.72659233843491,0.0756396186129287
2.74434330322837,0.322090521784253,3.73169826460658,0.0785495219884967
2.78255940220713,0.313605120785515,3.73632926677825,0.0815726523561942
2.82130767593947,0.305336910297229,3.74048530984123,0.0847132551895755
2.86059553517574,0.297280699712736,3.74416637337188,0.08797572131501
2.90043049386399,0.289431403160075,3.74737244806297,0.0913645909004878
2.94082017058706,0.281784038428352,3.75010353254782,0.0948845574838771
2.98177229001967,0.274333725842297,3.75235963062271,0.0985404720353069
3.02329468440578,0.267075687089676,3.75414074887251,0.102337347047826
3.06539529505653,0.260005244006061,3.75544689470339,0.106280360649926
3.10808217386906,0.253117817321195,3.75627807478609,0.110374860732926
3.15136348486648,0.246408925370985,3.75663429391218,0.114626369085605
3.19524750575921,0.239874182778948,3.75651555426541,0.119040585527809
3.2397426295282,0.23350929911074,3.75592185510918,0.123623392034089
3.28485736603004,0.227310077505172,3.75485319289073,0.128380856837718
3.33060034362459,0.221272413284981,3.75330956176185,0.133319238504691
3.37698031082509,0.215392292550381,3.75129095451526,0.138444989966533
3.42400613797143,0.209665790758289,3.74879736393511,0.143764762499976
3.47168681892656,0.20408907128994,3.74582878455939,0.149285409640683
3.52003147279668,0.19865838400943,3.74238521485119,0.1550139910174
3.56904934567523,0.193370063815593,3.73846665977526,0.160957776091976
3.61874981241128,0.188220529189447,3.73407313377537,0.167124247789833
3.66914237840249,0.183206280739327,3.72920466414729,0.173521106004491
3.72023668141307,0.178323899745654,3.72386129480146,0.180156270958828
3.772042493417,0.173570046707197,3.71804309040852,0.187037886404761
3.824569722467,0.168941459890525,3.7117501409202,0.194174322642039
3.87782841458946,0.164434953884249,3.70498256645687,0.201574179335855
3.93182875570577,0.160047418159539,3.69774052255264,0.209246288111922
3.98658107358044,0.15577581563828,3.69002420574752,0.217199714906683
4.04209583979631,0.151617181270142,3.68183385951541,0.225443762049247
4.09838367175726,0.147568620619743,3.6731697805157,0.233987970050656
4.15545533471888,0.143627308464969,3.66403232515513,0.242842119075037
4.21332174384729,0.139790487407453,3.65442191644566,0.252016230066221
4.27199396630678,0.136055466496128,3.64433905114276,0.26152056550238
4.3314832233764,0.132419619864664,3.6337843071477,0.271365629750317
4.39180089259609,0.128880385383557,3.62275835115609,0.281562168990096
4.45295850994266,0.125435263327552,3.61126194653381,0.2921211706798
4.5149677720361,0.122081815059008,3.59929596140025,0.303053862529414
4.57784053837662,0.118817661727763,3.58686137689772,0.314371710952018
4.64158883361278,0.115640482987991,3.57395929562438,0.326086418959782
4.70622484984128,0.112548015732485,3.56059095020727,0.338209923471651
4.77176094893875,0.10953805284475,3.54675771199032,0.350754391999044
4.83820966492596,0.106608441969242,3.53246109981139,0.363732218675485
4.90558370636505,0.103757084300026,3.51770278884106,0.377156019595776
4.97389595879006,0.10098193338812,3.50248461945472,0.391038627430104
5.04315948717136,0.0982809939676919,3.48680860610838,0.405393085278457
5.11338753841433,0.0956523208013057,3.47067694618762,0.420232639730822
5.18459354389291,0.0930940175443115,3.45409202879797,0.435570733098908
5.25679112201842,0.0906042356284919,3.43705644346407,0.451420994785592
5.32999408084409,0.0881811731650156,3.41957298870418,0.467797231758952
5.40421642070591,0.0858230738667275,3.40164468044552,0.484713418098587
5.47947233690029,0.0835282259897823,3.38327476024555,0.502183683583011
5.55577622239888,0.0812949612945955,3.36446670328347,0.520222301288243
5.63314267060136,0.0791216540260653,3.34522422608574,0.538843674169276
5.71158647812643,0.0770067199129985,3.32555129394918,0.558062320597912
5.79112264764176,0.0749486151866492,3.30545212802483,0.577892858832597
5.87176639073326,0.072945835618265,3.28493121202588,0.598349990398248
5.95353313081437,0.0709969155755131,3.26399329852278,0.619448482356784
6.03643850607587,0.0691004270976475,3.24264341478925,0.641203148452015
6.1204983724767,0.0672549789892613,3.22088686816303,0.66362882911592
6.2057288067765,0.0654592159324536,3.198729250886,0.6867403703269
6.29214610961034,0.0637118176172341,3.17617644438918,0.710552601314593
6.37976680860628,0.0620114978899698,3.15323462298891,0.735080311110081
6.46860766154633,0.060357003919673,3.12991025696193,0.760338223944937
6.55868565957143,0.0587471153819219,3.10621011496851,0.786340973507479
6.65001803043112,0.057180643660192,3.08214126579426,0.813103076069822
6.74262224177834,0.0556564310643752,3.05771107938323,0.840638902504886
6.83651600451024,0.054173350066252,3.03292722713706,0.868962649218367
6.93171727615541,0.0527303025516813,3.00779768145683,0.898088308026779
7.02824426430835,0.0513262190892629,2.98233071450726,0.928029635019096
7.12611543011175,0.0499600582152282,2.95653489618513,0.958800118446145
7.22534949178721,0.0486308057343076,2.93041909127676,0.990412945688726
7.32596542821523,0.0473374740363214,2.90399245579256,1.02288096936254
7.42798248256492,0.0460791014282393,2.87726443246966,1.05621667262513
7.53142016597438,0.0448547514814508,2.85024474543685,1.09043213375728
7.63629826128224,0.0436635123939886,2.82294339403999,1.125538990099
7.74263682681127,0.0425044963674431,2.79537064582891,1.16154840142712
7.85045620020451,0.0413768389983115,2.76753702871112,1.19847101286941
7.95977700231499,0.0402796986835181,2.73945332228101,1.23631691745714
8.07062014114951,0.0392122560398474,2.71113054833697,1.27509561842529
8.18300681586739,0.038173713337031,2.68257996060295,1.31481599137659
8.29695852083491,0.0371632939442283,2.65381303367447,1.35548624643232
8.41249704973612,0.036180241789646,2.6248414512129,1.3971138904993
8.52964449974102,0.0352238208330385,2.59567709341573,1.43970568978833
8.64842327573173,0.0342933145508364,2.56633202379395,1.48326763272533
8.76885609458743,0.0333880254336507,2.53681847529133,1.52780489340117
8.89096598952916,0.0325072744959019,2.5071488357836,1.57332179571084
9.01477631452492,0.0316504007973277,2.47733563299905,1.61982177833662
9.14031074875623,0.0308167609761223,2.44739151890477,1.66730736073282
9.26759330114688,0.0300057287934659,2.4173292536058,1.71578011027228
9.39664831495469,0.0292166946892039,2.3871616888071,1.76524061071627
9.52750047242729,0.0284490653484381,2.3569017508903,1.81568843217018
9.66017479952265,0.0277022632787978,2.32656242365971,1.86712210268706
9.7946966706954,0.0269757263981573,2.29615673081345,1.91953908167995
9.9310918137498,0.0262689076325733,2.26569771819737,1.97293573530156
10.0693863147603,0.0255812745242178,2.23519843590032,2.02730731394672
10.2096066230605,0.0249123088490843,2.20467192025044,2.08264793202849
10.3517795563018,0.02426150624425,2.17413117577257,2.13895055017343
10.4959323055823,0.0236283758444792,2.14358915716686,2.19620695997509
10.6420924406472,0.0230124399279564,2.11305875136888,2.25440777143684
10.7902879151618,0.0224132335709423,2.08255275975078,2.31354240322689
10.9405470720574,0.0218303043111478,2.05208388052226,2.37359907585814
11.0928986489522,0.0212632118196257,2.021664691389,2.43456480789497
11.2473717836475,0.0207115275809827,1.99130763252488,2.4964254152774
11.4039960197003,0.0201748345817186,1.9610249899122,2.55916551384021
11.5628013120738,0.0196527270065022,1.9308288791025,2.62276852509112
11.723818032866,0.0191448099421967,1.90073122944787,2.68721668529815
11.887076977119,0.0186506990894541,1.87074376885047,2.75249105792098
12.0526093687084,0.0181700204816953,1.84087800907464,2.81857154940575
12.2204468663149,0.0177024102113031,1.81114523166368,2.88543692834694
12.3906215694792,0.0172475141628537,1.78155647449951,2.9530648480032
12.5631660247412,0.0168049877532184,1.75212251904048,3.02143187213771
12.7381132318648,0.0163744956783688,1.72285387826909,3.09051350413682
12.9154966501488,0.0159557116667248,1.69376078537754,3.16028421934385
13.0953502048267,0.0155483182388838,1.66485318321578,3.23071750052849
13.2777082935543,0.0151520064735786,1.6361407145225,3.30178587639579
13.4626057929891,0.0147664757797081,1.6076327129563,3.3734609630227
13.6500780654601,0.0143914336742951,1.57933819494014,3.44571350809482
13.8401609657313,0.0140265955662215,1.55126585232852,3.51851343780104
14.0328908478587,0.0136716845456019,1.52342404590342,3.59182990622978
14.2283045721435,0.0133264311786525,1.49582079970107,3.66563134709744
14.4264395121816,0.0129905733079206,1.46846379616839,3.73988552762715
14.6273335620113,0.0126638558577406,1.44136037214436,3.81455960438535
14.831025143361,0.0123460306447852,1.41451751565859,3.8896201808731
15.0375532129974,0.0120368561935856,1.3879418635358,3.96503336666092
15.2469572701757,0.0117360975568936,1.36163969979244,4.04076483784821
15.4592773641948,0.0114435261407658,1.33561695480871,4.11677989862236
15.674554102056,0.011158919534249,1.30987920525645,4.19304354368821
15.8928286562298,0.0108820613435518,1.28443167476143,4.26952052133489
16.1141427725302,0.010612741030587,1.25927923527597,4.34617539690607
16.3385387780986,0.0103507537557753,1.23442640913608,4.42297261643857
16.5660595894991,0.0100959002250002,1.20987737177538,4.49987657023602
16.7967487209265,0.00984798654060983,1.18563595506675,4.57685165614663
17.0306502925284,0.00960682405636016,1.16170565126101,4.65386234231797
17.2678090388436,0.00937222923620077,1.138089617491,4.73087322920721
17.5082703173573,0.00914402351680291,1.11479068080851,4.80784911063149
17.7520801171763,0.0089220331737343,1.09181134372073,4.88475503365115
17.9992850678248,0.00870608919118655,1.06915379019222,4.96155635708709
18.2499324481615,0.00849602713516386,1.04681989207856,5.03821880848362
18.504070195423,0.00829168703004294,1.02481121595692,5.11470853933887
18.7617469143912,0.0080929132384174,1.00312903031971,5.1909921784364
19.0230118866894,0.00789955434414126,0.981774313096734,5.26703688312413
19.2879150802078,0.00771146303848841,0.960747759472493,5.34281038839955
19.5565071586595,0.00752849600934739,0.940049789965005,5.41828105367349
19.8288394912707,0.00735051383337189,0.919680558733648,5.49341790709896
20.104964162605,0.00717738087101043,0.899639962084007,5.56819068736524
20.3849339825246,0.00700896516433978,0.879927647138607,5.64256988287185
20.6688024962908,0.00684513833762884,0.860543020643367,5.71652676821136
20.9566239948043,0.00668577550056173,0.841485257880629,5.79003343790425
21.2484535249888,0.00653075515405011,0.822753311660687,5.86306283734302
21.5443469003188,0.00637995909856708,0.804345921364926,5.9355887909169
21.8443607114943,0.0062332723449363,0.786261622014906,6.00758602730164
22.1485523372636,0.00609058302751173,0.768498753342943,6.07903020191236
22.4569799553977,0.00595178231968537,0.751055468841085,6.14989791652982
22.7697025538168,0.00581676435166122,0.733929744766632,6.22016673612266
23.0867799418717,0.00568542613043608,0.717119389083738,6.28981520289961
23.4082727617829,0.00555766746192882,0.700622050321929,6.35882284763632
23.7342425002387,0.00543339087520121,0.684435226333725,6.42717019833179
24.0647515001542,0.00531250154871527,0.668556272934887,6.49483878625853
24.3998629725955,0.00519490723857304,0.652982412412096,6.5618111494792
24.7396410088681,0.0050805182086863,0.637710741884194,6.6280708339103
25.0841505927754,0.0049692471628251,0.622738241504389,6.69360239202041
25.4334576130465,0.00486100917849528,0.608061782492015,6.7583913792568
25.787628875938,0.00475572164259627,0.593678134983717,6.8224243482993
26.1467321180109,0.0046533041888121,0.579583975695026,6.88568884124528
26.5108360190854,0.00455367863668928,0.565775895384462,6.94817337983326
26.8800102153761,0.00445676893235683,0.552250406113356,7.00986745381549
27.2543253128103,0.00436250109084462,0.53900394829564,7.07076150759257
27.6338529005317,0.00427080313995751,0.526032897532817,7.13084692522451
28.018665564592,0.00418160506566376,0.51333357123029,7.19011601393353
28.408836901833,0.00409483875895732,0.50090223499209,7.24856198621456
28.804441533963,0.00401043796415456,0.488735108791912,7.3061789406686
29.2055551218275,0.00392833822858733,0.476828372919132,7.3629618416736
29.6122543798803,0.00384847685365478,0.465178173699231,7.41890649800602
30.0246170908555,0.00377079284719772,0.453780628988751,7.4740095405244
30.442722120643,0.00369522687716018,0.442631833445517,7.5282683990238
30.8666494333727,0.00362172122650355,0.431727863575494,7.58168127836763
31.2964801067075,0.00355021974933992,0.421064782558154,7.63424713399993
31.7322963473498,0.00348066782825174,0.410638644852759,7.68596564693821
32.1741815067637,0.00341301233276623,0.400445500588406,7.73683719834295
32.6222200971167,0.00334720157895334,0.390481399741092,7.78686284375641
33.0764978074424,0.0032831852901172,0.380742396101427,7.83604428709901
33.5371015200293,0.00322091455855174,0.371224551036986,7.88438385450758
34.0041193270371,0.00316034180833177,0.361923937053515,7.93188446809536
34.4776405473446,0.00310142075911182,0.352836641159548,7.97854961970932
34.9577557436328,0.00304410639090553,0.343958768039159,8.02438334475585
35.4445567397044,0.00298835490981929,0.335286443037766,8.06939019616131
35.9381366380463,0.00293412371471445,0.326815814966108,8.11357521852986
36.4385898376354,0.00288137136477302,0.318543058727592,8.15694392255592
36.946012051993,0.00283005754794268,0.310464377774354,8.19950225974474
37.4605003274899,0.00278014305023722,0.302576006397437,8.24125659749003
37.9821530619074,0.00273158972586957,0.294874211856548,8.28221369455332
38.5110700232557,0.00268436046819478,0.287355296354894,8.3223806769856
39.0473523688556,0.00263841918144121,0.280015598864614,8.36176501452791
39.5911026646846,0.00259373075320872,0.272851496808317,8.40037449752345
40.1424249049932,0.00255026102771302,0.265859407602201,8.43821721437011
40.7014245321944,0.00250797677975616,0.259035790066229,8.47530152953876
41.2682084570295,0.00246684568940349,0.25237714570674,8.51163606217917
41.8428850790158,0.00242683631734804,0.245880019876851,8.54722966533203
42.4255643071778,0.00238791808094377,0.239541002819908,8.58209140576257
43.016357581068,0.00235006123088954,0.233356730601171,8.61623054442816
43.6153778920801,0.0023132368285463,0.227323885932812,8.64965651758964
44.222739805059,0.00227741672387032,0.221439198897222,8.68237891857333
44.8385594802119,0.00224257353394582,0.215699447573499,8.71440748018833
45.462954695324,0.00220868062210081,0.210101458571886,8.74575205780131
46.0960448682843,0.00217571207759033,0.2046421074808,8.77642261306906
46.7379510799246,0.00214364269583172,0.199318319230973,8.80642919832671
47.3887960971766,0.00211244795917704,0.194127068381114,8.83578194162826
48.0487043965513,0.00208210401820806,0.189065379329336,8.86449103243376
48.7178021879463,0.00205258767353959,0.184130326454508,8.89256670793652
49.3962174387832,0.00202387635811762,0.179319034191524,8.92001924002189
50.0840798984821,0.00199594811999855,0.174628677044354,8.94685892284832
50.7815211232768,0.0019687816055967,0.170056479540626,8.97309606103984
51.4886745013749,0.00194235604338737,0.165599716131338,8.99874095847849
52.2056752784698,0.00191665122805301,0.161255711039169,9.02380390768424
52.9326605836056,0.00189164750506064,0.157021838058737,9.04829517976892
53.6697694554048,0.00186732575565859,0.152895520311993,9.07222501495041
54.4171428686589,0.00184366738228153,0.148874229961866,9.09560361361256
55.1749237612912,0.00182065429435238,0.144955487887078,9.11844112789584
55.9432570616938,0.00179826889447052,0.14113686332098,9.14074765380334
56.7222897164454,0.00177649406497577,0.137415973457112,9.1625332238066
57.5121707184161,0.00175531315487799,0.13379048302407,9.18380779993516
58.3130511352622,0.00173470996714228,0.130258103832157,9.20458126733419
59.1250841383188,0.00171466874632021,0.126816594294173,9.22486342827354
59.9484250318941,0.00169517416651766,0.123463758922583,9.24466399659262
60.7832312829723,0.00167621131969011,0.120197447805213,9.26399259256451
61.6296625513294,0.00165776570425657,0.117015556061497,9.28285873816359
62.4878807200689,0.00163982321402336,0.11391602328121,9.30127185272055
63.3580499265825,0.00162237012740943,0.110896832947516,9.31924124894907
64.2403365939419,0.00160539309696502,0.107956011846068,9.33677612932856
65.134909462728,0.00158887913917563,0.105091629461807,9.35388558282771
66.0419396233031,0.00157281562454363,0.102301797365016,9.37057858195355
66.9616005485322,0.00155719026793989,0.0995846685880887,9.38686398011148
67.8940681269611,0.00154199111921814,0.0969384369944112,9.40275050926144
68.839520696455,0.00152720655408487,0.0943613366406566,9.4182467778564
69.7981390783066,0.00151282526521794,0.091851641133726,9.43336126904897
70.7701066118189,0.00149883625362694,0.0894076629834896,9.44810233915301
71.7556091893693,0.00148522882024897,0.0870277529524185,9.46247821634668
72.7548352919623,0.00147199255777319,0.0847102994031216,9.4764969996047
73.7679760252773,0.00145911734268815,0.0824537276447461,9.49016665784701
74.7952251562182,0.00144659332754564,0.0802564992791312,9.50349502929215
75.8367791499719,0.00143441093343535,0.0781171115475488,9.51648982100356
76.8928372075831,0.00142256084266445,0.0760340966788081,9.52915860861782
77.9636013040524,0.00141103399163664,0.0740060212394482,9.5415088362439
79.0492762269642,0.00139982156392517,0.0720314854866873,9.55354781652297
80.150069615654,0.00138891498353452,0.0701091227247543,9.56528273083891
81.2661920009195,0.00137830590834579,0.0682375986651775,9.57672062966971
82.3978568452852,0.00136798622374054,0.0664156107915608,9.58786843307061
83.5452805838287,0.00135794803639843,0.0646418877293398,9.59873293128013
84.708682665574,0.00134818366826381,0.0629151886209657,9.60932078544028
85.8882855954625,0.00133868565067678,0.0612343025069286,9.61963852842307
87.0843149769072,0.00132944671866409,0.0595980477129986,9.62969256575532
88.2969995549409,0.00132045980538565,0.0580052712440241,9.63948917663443
89.526571259964,0.00131171803673239,0.0564548481845975,9.64903451502789
90.7732652521022,0.00130321472607127,0.05494568110687,9.65833461084992
92.0373199661822,0.00129494336913364,0.0534766994857625,9.6673953712086
93.3189771573324,0.00128689763904269,0.0520468591218006,9.67622258171748
94.61848194722,0.00127907138147665,0.0506551415717679,9.68482190786567
95.9360828709315,0.00127145860996364,0.0493005535873538,9.69319889644113
97.2720319245054,0.00126405350130486,0.0479821265619467,9.70135897700153
98.6265846131282,0.00125685039112246,0.0466989159857027,9.709307463388
100,0.00124984376952881,0.045450000909,9.7170495552769
101.392540755881,0.00124302827691379,0.044234483414371,9.72459033976513
102.804473209331,0.00123639869984687,0.0430514880969842,9.7319347929848
104.23606739764,0.00122994996709099,0.0419001615537362,9.7390877817433
105.687597118481,0.00122367714572499,0.0407796718809925,9.74605406518488
107.159339982267,0.00121757543737179,0.0396892081810088,9.7528382964704
108.651577465254,0.0012116401745294,0.0386279800770432,9.75944502447174
110.164594963366,0.00120586681700192,0.0375952172371637,9.76587869547776
111.698681846782,0.00120025094842787,0.0365901689067423,9.7721436549091
113.254131515281,0.00119478827290311,0.0356121034496111,9.77824414903872
114.831241454351,0.00118947461169588,0.034660307897856,9.78418432671588
116.430313292088,0.00118430590005133,0.0337340875102031,9.78996824109102
118.051652856881,0.00117927818408329,0.0328327653389535,9.79559985133933
119.695570235904,0.00117438761775061,0.03195568180541,9.80108302438096
121.362379834424,0.00116963045991608,0.0311021942837298,9.80642153659586
123.052400435926,0.00116500307148548,0.0302716766931397,9.81161907553151
124.765955263087,0.00116050191262462,0.0294635190984315,9.81667924160176
126.50337203959,0.00115612354005227,0.0286771273186611,9.82160554977542
128.264983052806,0.00115186460440692,0.0279119225439649,9.82640143125294
130.051125217341,0.00114772184768532,0.0271673409603996,9.83107023513009
131.862140139475,0.00114369210075083,0.0264428333827161,9.83561523004735
133.698374182495,0.0011397722809098,0.0257378648949643,9.84003960582375
135.560178532937,0.00113595938955392,0.0250519144988309,9.84434647507447
137.447909267754,0.00113225050986693,0.0243844747696045,9.84853887481106
139.361927422414,0.00112864280459385,0.0237350515196606,9.85261976802346
141.302599059953,0.00112513351387104,0.0231031634693592,9.85659204524317
143.270295340983,0.0011217199531154,0.0224883419252425,9.86045852608687
145.265392594678,0.00111839951097118,0.0218901304654216,9.86422196077987
147.28827239075,0.00111516964731271,0.0213080846320373,9.86788503165883
149.339321612425,0.00111202789130171,0.0207417716306806,9.87145035465342
151.418932530435,0.0011089718394974,0.0201907700366577,9.87492048074634
153.527502878042,0.00110599915401833,0.0196546695079825,9.87829789741149
155.665435927106,0.00110310756075422,0.0191330705049798,9.88158503002994
157.833140565212,0.00110029484762659,0.0186255840163833,9.8847842432835
160.03103137387,0.00109755886289686,0.0181318312918102,9.88789784252563
162.259528707809,0.00109489751352053,0.0176514435804959,9.89092807512955
164.519058775366,0.00109230876354629,0.0171840618761727,9.89387713181354
166.810053720006,0.00108979063255878,0.0167293366679755,9.89674714794322
169.132951702965,0.00108734119416381,0.0162869276972594,9.89954020481084
171.488196987054,0.00108495857451486,0.0158565037202134,9.90225833089161
173.876240021625,0.00108264095087983,0.0154377422761574,9.90490350307701
176.29753752872,0.00108038655024685,0.0150303294614068,9.90747764788518
178.752552590424,0.00107819364796808,0.0146339597085944,9.9099826426486
181.241754737424,0.00107606056644053,0.014248335571337,9.91242031667881
183.765620038817,0.00107398567382288,0.0138731675141363,9.91479245240875
186.324631193156,0.00107196738278722,0.0135081737074055,9.9171007865125
188.919277620767,0.00107000414930493,0.0131530798275127,9.91934701100289
191.550055557353,0.00106809447146561,0.0128076188617362,9.92153277430682
194.217468148902,0.00106623688832822,0.012471530918024,9.92365968231886
196.922025547917,0.00106442997880358,0.0121445630394553,9.92572929943307
199.664245010979,0.00106267236056735,0.0118264690233012,9.92774314955341
202.444650997681,0.00106096268900263,0.0115170092445827,9.92970271708295
205.263775270925,0.00105929965617145,0.0112159504840275,9.93160944789207
208.122156998634,0.00105768198981422,0.0109230657603269,9.93346475026606
211.02034285686,0.00105610845237659,0.0106381341665961,9.93526999583218
213.958887134342,0.00105457784006273,0.0103609407109437,9.93702652046666
216.938351838519,0.00105308898191456,0.0100912761610559,9.93873562518184
219.959306803007,0.00105164073891594,0.00982893689270448,9.94039857699362
223.022329796594,0.00105023200312147,0.00957372474208764,9.94201660976981
226.128006633728,0.00104886169680889,0.00932544686191529,9.9435909250593
229.276931286565,0.00104752877165469,0.00908391558115179,9.94512269290275
232.469705998565,0.0010462322079322,0.00884894826833002,9.94661305262476
235.706941399673,0.00104497101373153,0.00862036719835377,9.948063113608
238.989256623105,0.00104374422420076,0.00839799942270508,9.94947395604961
242.31727942376,0.00104255090080792,0.00818167664297649,9.95084663170018
245.691646298279,0.00104139013062299,0.00797123508764881,9.95218216458551
249.113002606779,0.00104026102561955,0.00776651539203618,9.9534815517116
252.582002696278,0.00103916272199549,0.00756736248132334,9.95474576375306
256.099310025846,0.00103809437951216,0.00737362545661941,9.95597574572539
259.665597293487,0.00103705518085168,0.00718515748395596,9.95717241764133
263.281546564802,0.00103604433099165,0.00700181568615744,9.95833667515152
266.947849403432,0.00103506105659699,0.00682346103751367,9.95946939017003
270.665207003324,0.00103410460542837,0.00664995826118651,9.96057141148475
274.434330322836,0.00103317424576673,0.00648117572928257,9.96164356535319
278.255940220713,0.00103226926585353,0.00631698536552725,9.96268665608383
282.130767593947,0.00103138897334628,0.0061572625504751,9.96370146660343
286.059553517574,0.00103053269478889,0.00600188602919392,9.96468875901046
290.043049386399,0.00102969977509647,0.00585073782136115,9.96564927511504
294.082017058706,0.00102888957705421,0.00570370313371211,9.96658373696573
298.177229001967,0.00102810148082992,0.00556067027478165,9.96749284736322
302.329468440578,0.00102733488349984,0.00542153057188158,9.96837729036148
306.539529505653,0.00102658919858741,0.0052861782902574,9.96923773175643
310.808217386906,0.00102586385561463,0.00515451055437008,9.97007481956257
315.136348486648,0.00102515829966561,0.00502642727124847,9.97088918447763
319.524750575921,0.0010244719909621,0.0049018310558606,9.97168144033576
323.97426295282,0.00102380440445053,0.00478062715845219,9.97245218454925
328.485736603005,0.00102315502940034,0.00466272339380256,9.97320199853933
333.060034362459,0.00102252336901329,0.00454803007234918,9.97393144815595
337.698031082509,0.00102190894004336,0.00443645993313287,9.97464108408713
342.400613797143,0.00102131127242714,0.0043279280785174,9.97533144225791
347.168681892656,0.00102072990892413,0.00422235191063792,9.97600304421919
352.003147279668,0.00102016440476702,0.00411965106953364,9.9766563975267
356.904934567523,0.00101961432732141,0.00401974737292183,9.97729199611039
361.874981241128,0.00101907925575484,0.00392256475757045,9.9779103206343
366.914237840249,0.00101855878071484,0.00382802922222851,9.97851183884736
372.023668141307,0.00101805250401579,0.0037360687720737,9.97909700592513
377.2042493417,0.00101756003833427,0.00364661336463795,9.97966626480277
382.4569722467,0.00101708100691279,0.00355959485717294,9.98022004649959
387.782841458945,0.00101661504327151,0.00347494695541773,9.98075877043509
393.182875570577,0.00101616179092795,0.00339260516373235,9.98128284473691
398.658107358044,0.00101572090312419,0.0033125067365618,9.98179266654092
404.209583979631,0.00101529204256166,0.00323459063119552,9.98228862228342
409.838367175726,0.00101487488114308,0.00315879746178884,9.98277108798586
415.545533471887,0.00101446909972142,0.00308506945461307,9.98324042953212
421.332174384729,0.00101407438785579,0.00301335040450247,9.98369700293865
427.199396630678,0.00101369044357396,0.00294358563246638,9.98414115461757
433.14832233764,0.00101331697314126,0.00287572194443616,9.98457322163286
439.180089259609,0.00101295369083598,0.00280970759111712,9.98499353194994
445.295850994265,0.00101260031873068,0.00274549222891625,9.98540240467868
451.49677720361,0.00101225658647964,0.0026830268819176,9.98580015031015
457.784053837662,0.001011922231112,0.00262226390487773,9.98618707094703
464.158883361278,0.00101159699683059,0.00256315694721403,9.98656346052811
470.622484984128,0.00101128063481624,0.00250566091796021,9.98692960504682
477.176094893874,0.00101097290303745,0.00244973195166284,9.98728578276407
483.820966492596,0.00101067356606516,0.00239532737519456,9.98763226441548
490.558370636505,0.00101038239489273,0.00234240567545937,9.98796931341311
497.389595879007,0.00101009916676065,0.00229092646796642,9.98829718604199
504.315948717136,0.0010098236649862,0.0022408504662495,9.98861613165131
511.338753841432,0.00100955567879763,0.00219213945210944,9.98892639284071
518.459354389291,0.00100929500317296,0.00214475624665784,9.98922820564155
525.679112201842,0.00100904143868307,0.00209866468214077,9.98952179969341
532.999408084409,0.00100879479133917,0.00205382957452156,9.98980739841597
540.421642070591,0.0010085548724444,0.00201021669680274,9.99008521917627
547.947233690028,0.00100832149844944,0.00196779275306713,9.99035547345154
555.577622239888,0.00100809449081211,0.00192652535321923,9.99061836698779
563.314267060135,0.00100787367586076,0.00188638298840803,9.99087409995405
571.158647812643,0.00100765888466143,0.00184733500711304,9.99112286709265
579.112264764176,0.0010074499528886,0.00180935159187607,9.9913648578654
587.176639073326,0.00100724672069945,0.00177240373666118,9.99160025659598
595.353313081437,0.00100704903261161,0.00173646322482626,9.99182924260841
603.643850607586,0.0010068567373842,0.0017015026076898,9.99205199036196
612.04983724767,0.00100666968790211,0.00166749518367687,9.99226866958235
620.57288067765,0.00100648774106346,0.00163441497802888,9.99247944538954
629.214610961035,0.00100631075767013,0.00160223672306197,9.99268447842205
637.976680860628,0.00100613860232125,0.00157093583895933,9.99288392495801
646.860766154632,0.00100597114330965,0.00154048841508317,9.99307793703287
655.868565957144,0.00100580825252104,0.00151087119179234,9.99326666255411
665.001803043112,0.00100564980533605,0.00148206154275209,9.99345024541277
674.262224177835,0.00100549568053487,0.00145403745772264,9.99362882559203
683.651600451024,0.0010053457602045,0.0014267775258139,9.99380253927284
693.17172761554,0.00100519992964857,0.00140026091919357,9.99397151893686
702.824426430835,0.00100505807729956,0.00137446737723664,9.99413589346642
712.611543011174,0.00100492009463349,0.00134937719110426,9.99429578824199
722.534949178722,0.00100478587608685,0.00132497118874053,9.99445132523692
732.596542821523,0.00100465531897585,0.00130123072027588,9.99460262310968
742.798248256491,0.00100452832341789,0.00127813764382622,9.99474979729365
753.142016597438,0.00100440479225511,0.00125567431167698,9.99489296008443
763.629826128224,0.00100428463098009,0.00123382355684191,9.99503222072481
774.263682681128,0.00100416774766352,0.00121256867998636,9.99516768548757
785.045620020451,0.00100405405288389,0.00119189343670532,9.99529945775582
795.977700231498,0.00100394345965907,0.00117178202514658,9.99542763810147
807.062014114951,0.00100383588337977,0.00115221907396971,9.99555232436136
818.300681586739,0.0010037312417448,0.00113318963063188,9.99567361171137
829.695852083491,0.00100362945469813,0.00111467914999152,9.99579159273869
841.249704973612,0.00100353044436761,0.00109667348322144,9.99590635751194
852.964449974102,0.00100343413500542,0.00107915886702293,9.9960179936495
864.842327573173,0.0010033404529301,0.00106212191313262,9.99612658638603
876.885609458743,0.0010032493264702,0.00104554959811453,9.99623221863709
889.096598952917,0.00100316068590945,0.00102942925342909,9.99633497106215
901.477631452492,0.00100307446343338,0.00101374855577213,9.99643492212576
914.031074875622,0.00100299059307751,0.000998495517676226,9.99653214815713
926.759330114688,0.00100290901067682,0.00098365847836741,9.99662672340816
939.664831495469,0.0010028296538167,0.000969226094870348,9.99671872010983
952.75004724273,0.00100275246178519,0.000955187333355209,9.99680820852701
966.017479952265,0.0010026773755265,0.000941531460719745,9.99689525701196
979.469667069539,0.0010026043375959,0.000928248036400144,9.99697993205621
993.10918137498,0.00100253329211571,0.000915326904404513,9.99706229834116
1006.93863147603,0.00100246418473256,0.000902758185562948,9.99714241878722
1020.96066230605,0.00100239696257585,0.000890532269988284,9.99722035460167
1035.17795563018,0.00100233157421725,0.000878639809741888,9.99729616532521
1049.59323055823,0.00100226796963137,0.00086707171169886,9.99736990887732
1064.20924406472,0.00100220610015752,0.0008558191306073,9.9974416416002
1079.02879151618,0.00100214591846242,0.000844873462336337,9.99751141830177
1094.05470720574,0.00100208737850406,0.000834226337307812,9.99757929229731
1109.28986489522,0.00100203043549642,0.000823869614106658,9.99764531545006
1124.73717836475,0.00100197504587522,0.000813795373265079,9.99770953821071
1140.39960197003,0.00100192116726462,0.000803995911215866,9.9977720096558
1156.28013120738,0.00100186875844476,0.000794463734410232,9.99783277752511
1172.3818032866,0.00100181777932025,0.000785191553595693,9.99789188825801
1188.7076977119,0.00100176819088948,0.000776172278249679,9.99794938702879
1205.26093687084,0.0010017199552148,0.000767399011164621,9.99800531778118
1222.04468663149,0.00100167303539347,0.000758865043180413,9.99805972326169
1239.06215694792,0.00100162739552948,0.000750563848060258,9.9981126450523
1256.31660247412,0.001001583000706,0.000742489077505972,9.99816412360208
1273.81132318648,0.00100153981695876,0.000734634556308998,9.99821419825804
1291.54966501488,0.00100149781124999,0.000726994277633406,9.99826290729509
1309.53502048267,0.00100145695144321,0.000719562398427326,9.9983102879453
1327.77082935543,0.0010014172062786,0.000712333234959301,9.99835637642616
1346.26057929891,0.00100137854534909,0.000705301258476173,9.99840120796828
1365.00780654601,0.0010013409390771,0.000698461090979208,9.99844481684226
1384.01609657313,0.00100130435869194,0.000691807501115227,9.99848723638475
1403.28908478587,0.00100126877620775,0.000685335400179638,9.99852849902395
1422.83045721435,0.00100123416440212,0.000679039838228315,9.99856863630429
1442.64395121816,0.00100120049679528,0.000672916000295357,9.99860767891055
1462.73335620113,0.00100116774762978,0.00066695920271388,9.99864565669117
1483.1025143361,0.00100113589185085,0.00066116488953699,9.99868259868114
1503.75532129974,0.00100110490508721,0.000655528629056267,9.99871853312406
1524.69572701757,0.00100107476363241,0.000650046110415064,9.99875348749371
1545.92773641948,0.0010010454444267,0.000644713140314071,9.99878748851505
1567.45541020559,0.00100101692503939,0.000639525639806618,9.9988205621846
1589.28286562298,0.00100098918365171,0.00063447964118128,9.99885273379024
1611.41427725302,0.00100096219904008,0.000629571284929413,9.99888402793057
1633.85387780986,0.0010009359505599,0.00062479681679531,9.99891446853363
1656.60595894992,0.00100091041812975,0.000620152584906717,9.9989440788752
1679.67487209265,0.00100088558221601,0.000615635036983543,9.99897288159657
1703.06502925284,0.00100086142381796,0.000611240717622612,9.99900089872181
1726.78090388436,0.00100083792445318,0.000606966265656409,9.99902815167456
1750.82703173572,0.00100081506614346,0.000602808411583797,9.99905466129444
1775.20801171764,0.00100079283140104,0.00059876397507074,9.99908044785293
1799.92850678248,0.0010007712032152,0.000594829862519137,9.99910553106888
1824.99324481615,0.00100075016503927,0.000591003064701909,9.99912993012349
1850.4070195423,0.00100072970077797,0.00058728065446253,9.99915366367505
1876.17469143912,0.00100070979477512,0.00058365978447726,9.99917674987314
1902.30118866895,0.00100069043180159,0.000580137685078354,9.99919920637249
1928.79150802078,0.00100067159704372,0.000576711662136613,9.9992210503465
1955.65071586595,0.00100065327609197,0.000573379095001627,9.99924229850031
1982.88394912707,0.00100063545492987,0.000570137434498179,9.9992629670836
2010.4964162605,0.00100061811992332,0.00056698420097724,9.99928307190296
2038.49339825246,0.00100060125781016,0.000563916982420101,9.99930262833403
2066.88024962908,0.00100058485569,0.000560933432594179,9.99932165133317
2095.66239948043,0.0010005689010144,0.000558031269259085,9.99934015544893
2124.84535249888,0.00100055338157721,0.000555208272421606,9.99935815483317
2154.43469003188,0.00100053828550526,0.00055246228263824,9.99937566325186
2184.43607114943,0.00100052360124929,0.000549791199364012,9.99939269409558
2214.85523372636,0.00100050931757509,0.000547192979346306,9.99940926038979
2245.69799553978,0.00100049542355493,0.00054466563506247,9.99942537480475
2276.97025538168,0.00100048190855916,0.000542207233200027,9.9994410496652
2308.67799418717,0.00100046876224813,0.00053981589317831,9.99945629695983
2340.82727617829,0.00100045597456424,0.000537489785710404,9.99947112835038
2373.42425002387,0.00100044353572424,0.000535227131404296,9.99948555518055
2406.47515001543,0.0010004314362118,0.000533026199402152,9.99949958848476
2439.98629725955,0.00100041966677017,0.000530885306056711,9.99951323899644
2473.96410088681,0.00100040821839513,0.000528802813643748,9.99952651715638
2508.41505927754,0.00100039708232807,0.000526777129109647,9.9995394331206
2543.34576130465,0.00100038625004935,0.00052480670285313,9.99955199676816
2578.7628875938,0.00100037571327171,0.000522890027540189,9.99956421770871
2614.67321180109,0.00100036546393397,0.000521025636951341,9.99957610528982
2651.08360190854,0.00100035549419488,0.000519212104860307,9.99958766860417
2688.00102153761,0.00100034579642707,0.000517448043943269,9.9995989164964
2725.43253128103,0.00100033636321125,0.000515732104717867,9.99960985756999
2763.38529005317,0.00100032718733053,0.000514062974511128,9.99962050019377
2801.8665564592,0.00100031826176489,0.000512439376455535,9.9996308525083
2840.8836901833,0.00100030957968582,0.000510860068512475,9.99964092243218
2880.4441533963,0.00100030113445107,0.000509323842522308,9.99965071766798
2920.55551218275,0.00100029291959963,0.000507829523280351,9.99966024570825
2961.22543798804,0.00100028492884669,0.000506375967638048,9.99966951384116
3002.46170908555,0.00100027715607893,0.000504962063628658,9.99967852915614
3044.2722120643,0.00100026959534978,0.000503586729616777,9.99968729854921
3086.66494333727,0.0010002622408749,0.000502248913471063,9.99969582872836
3129.64801067075,0.00100025508702773,0.000500947591759511,9.9997041262186
3173.22963473498,0.00100024812833522,0.000499681768966679,9.99971219736699
3217.41815067637,0.00100024135947362,0.000498450476732259,9.99972004834746
3262.22200971167,0.00100023477526438,0.00049725277311041,9.99972768516555
3307.64978074424,0.00100022837067027,0.000496087741849296,9.99973511366304
3353.71015200293,0.00100022214079143,0.000494954491690264,9.99974233952232
3400.41193270371,0.00100021608086169,0.000493852155686143,9.99974936827084
3447.76405473446,0.00100021018624489,0.000492779890538128,9.99975620528526
3495.77557436327,0.00100020445243134,0.00049173687595075,9.99976285579559
3544.45567397044,0.0010001988750344,0.000490722314004436,9.99976932488921
3593.81366380463,0.00100019344978705,0.000489735428545186,9.99977561751471
3643.85898376355,0.00100018817253872,0.00048877546459089,9.99978173848575
3694.6012051993,0.00100018303925203,0.000487841687753838,9.99978769248466
3746.05003274899,0.00100017804599976,0.000486933383678979,9.99979348406606
3798.21530619074,0.00100017318896181,0.0004860498574975,9.99979911766033
3851.10700232557,0.0010001684644223,0.000485190433295315,9.99980459757704
3904.73523688556,0.00100016386876672,0.000484354453596034,9.99980992800818
3959.11026646846,0.00100015939847915,0.000483541278858055,9.99981511303141
4014.24249049932,0.00100015505013959,0.000482750286985349,9.99982015661316
4070.14245321944,0.00100015082042135,0.000481980872851609,9.9998250626117
4126.82084570295,0.00100014670608846,0.000481232447837362,9.99982983478002
4184.28850790159,0.00100014270399326,0.000480504439379714,9.99983447676875
4242.55643071778,0.00100013881107394,0.000479796290534373,9.99983899212897
4301.63575810679,0.0010001350243522,0.000479107459549618,9.99984338431487
4361.53778920801,0.00100013134093103,0.000478437419451886,9.99984765668642
4422.2739805059,0.00100012775799241,0.000477785657642669,9.99985181251197
4483.85594802119,0.0010001242727952,0.000477151675506392,9.99985585497069
4546.2954695324,0.00100012088267306,0.000476534988029002,9.99985978715505
4609.60448682843,0.00100011758503237,0.000475935123426949,9.99986361207315
4673.79510799246,0.00100011437735027,0.000475351622786293,9.99986733265104
4738.87960971765,0.0010001112571727,0.000474784039711648,9.99987095173499
4804.87043965513,0.00100010822211258,0.000474231939984707,9.99987447209357
4871.78021879463,0.00100010526984793,0.000473694901232082,9.99987789641988
4939.62174387832,0.00100010239812011,0.000473172512602196,9.99988122733354
5008.40798984821,0.00100009960473212,0.000472664374450995,9.99988446738272
5078.15211232767,0.00100009688754685,0.000472170098036234,9.99988761904606
5148.8674501375,0.00100009424448553,0.000471689305220093,9.99989068473463
5220.56752784698,0.00100009167352607,0.000471221628179911,9.99989366679371
5293.26605836056,0.00100008917270157,0.000470766709126814,9.99989656750458
5366.97694554048,0.00100008674009876,0.000470324200032006,9.99989938908633
5441.71428686589,0.00100008437385658,0.000469893762360535,9.99990213369752
5517.49237612913,0.00100008207216472,0.000469475066812319,9.99990480343779
5594.32570616938,0.00100007983326229,0.000469067793070238,9.99990740034954
5672.22897164455,0.0010000776554364,0.000468671629555089,9.99990992641944
5751.21707184161,0.0010000755370209,0.000468286273187234,9.99991238357999
5831.30511352622,0.0010000734763951,0.000467911429154747,9.99991477371096
5912.50841383188,0.00100007147198251,0.000467546810687883,9.99991709864082
5994.84250318941,0.00100006952224966,0.000467192138839701,9.99991936014822
6078.32312829724,0.0010000676257049,0.000466847142272669,9.99992155996322
6162.96625513294,0.00100006578089727,0.000466511557051093,9.99992369976876
6248.78807200689,0.0010000639864154,0.000466185126439204,9.99992578120182
6335.80499265825,0.00100006224088643,0.000465867600704758,9.99992780585473
6424.03365939419,0.00100006054297493,0.000465558736927986,9.99992977527642
6513.49094627281,0.00100005889138191,0.000465258298815762,9.99993169097353
6604.19396233031,0.00100005728484382,0.000464966056520835,9.99993355441164
6696.16005485322,0.00100005572213158,0.000464681786465998,9.99993536701629
6789.40681269611,0.00100005420204962,0.000464405271173046,9.9999371301742
6883.9520696455,0.00100005272343502,0.000464136299096404,9.99993884523422
6979.81390783067,0.00100005128515655,0.000463874664461296,9.99994051350843
7077.01066118189,0.00100004988611386,0.000463620167106317,9.99994213627308
7175.56091893692,0.00100004852523661,0.000463372612330317,9.99994371476966
7275.48352919623,0.00100004720148365,0.000463131810743442,9.99994525020576
7376.79760252773,0.00100004591384225,0.000462897578122256,9.99994674375603
7479.52251562183,0.0010000446613273,0.000462669735268803,9.99994819656308
7583.67791499719,0.00100004344298055,0.000462448107873517,9.99994960973836
7689.28372075831,0.00100004225786992,0.000462232526381876,9.99995098436299
7796.36013040524,0.00100004110508872,0.000462022825864686,9.99995232148859
7904.92762269642,0.00100003998375503,0.000461818845891907,9.99995362213813
8015.00696156541,0.00100003889301096,0.000461620430409922,9.99995488730663
8126.61920009195,0.00100003783202204,0.000461427427622156,9.99995611796199
8239.78568452851,0.00100003679997656,0.00046123968987294,9.99995731504572
8354.52805838287,0.00100003579608495,0.000461057073534559,9.9999584794736
8470.8682665574,0.00100003481957919,0.000460879438897369,9.99995961213649
8588.82855954626,0.00100003386971219,0.000460706650062917,9.9999607139009
8708.43149769072,0.00100003294575725,0.000460538574839976,9.99996178560973
8829.69995549408,0.00100003204700752,0.000460375084643413,9.99996282808285
8952.6571259964,0.00100003117277539,0.000460216054395821,9.99996384211783
9077.32652521022,0.00100003032239203,0.000460061362431829,9.99996482849041
9203.73199661823,0.00100002949520686,0.000459910890405027,9.99996578795523
9331.89771573324,0.00100002869058703,0.000459764523197422,9.99996672124629
9461.84819472199,0.00100002790791698,0.000459622148831379,9.99996762907762
9593.60828709315,0.00100002714659791,0.000459483658383945,9.99996851214372
9727.20319245054,0.00100002640604739,0.000459348945903527,9.9999693711202
9862.65846131283,0.00100002568569885,0.000459217908328829,9.99997020666418
10000,0.00100002498500119,0.000459090445410014,9.9999710194149
