freqs,Hh,Hl,Hhp,Hlp
0.1,0.00103523075402694,0.999058963819295,24.6185969298313,-0.0247322039529504
0.100926219098705,0.00103590581494966,0.999060047197644,24.8427378226912,-0.0249593964878186
0.101861017015598,0.00103659358825613,0.999061150793015,25.0688480095929,-0.0251886406160477
0.102804473209331,0.00103729431610317,0.999062274983722,25.2969428342537,-0.0254199538649803
0.103756667874519,0.00103800824536065,0.999063420155195,25.5270377057599,-0.0256533538830924
0.104717681948552,0.0010387356277075,0.999064586700121,25.7591480972112,-0.0258888584399636
0.10568759711848,0.00103947671973098,0.999065775018577,25.9932895442619,-0.0261264854262215
0.106666495827954,0.00104023178302382,0.999066985518173,26.2294776437273,-0.026366252853447
0.107654461284232,0.00104100108428656,0.999068218614194,26.4677280520377,-0.0266081788540516
0.108651577465254,0.00104178489543343,0.999069474729748,26.708056483597,-0.0268522816811101
0.109657929126781,0.00104258349369559,0.999070754295913,26.9504787092159,-0.0270985797081658
0.110673601809597,0.00104339716173167,0.999072057751892,27.195010554334,-0.0273470914289913
0.111698681846782,0.00104422618773882,0.999073385545163,27.4416678972279,-0.0275978354573108
0.112733256371049,0.00104507086556388,0.999074738131643,27.6904666672214,-0.0278508305264824
0.113777413322149,0.00104593149482138,0.999076115975845,27.9414228426977,-0.028106095489138
0.114831241454351,0.00104680838101069,0.999077519551043,28.1945524491332,-0.0283636493167755
0.115894830343981,0.00104770183563825,0.99907894933944,28.4498715569927,-0.0286235110993125
0.116968270397039,0.00104861217633948,0.999080405832337,28.7073962796322,-0.0288857000445847
0.118051652856881,0.00104953972700575,0.999081889530312,28.9671427710598,-0.029150235477803
0.119145069811978,0.00105048481791395,0.999083400943391,29.2291272236165,-0.029417136840954
0.120248614203741,0.00105144778585902,0.999084940591232,29.4933658655876,-0.029686423692153
0.121362379834424,0.00105242897428705,0.99908650900331,29.7598749587846,-0.0299581157049405
0.122486461375093,0.00105342873343459,0.999088106719106,30.0286707959632,-0.0302322326675253
0.123620954373677,0.00105444742046964,0.999089734288295,30.2997696981908,-0.0305087944819658
0.124765955263087,0.00105548539963572,0.999091392270945,30.5731880121256,-0.0307878211632974
0.125921561369415,0.0010565430423993,0.999093081237716,30.8489421072109,-0.0310693328385953
0.127087870920206,0.00105762072760024,0.999094801770063,31.1270483727828,-0.031353349745973
0.128264983052806,0.0010587188416059,0.999096554460442,31.407523215079,-0.0316398922335187
0.129452997822792,0.00105983777846976,0.999098339912526,31.6903830541158,-0.0319289807581608
0.130652016212472,0.00106097794009233,0.999100158741413,31.9756443205166,-0.0322206358844632
0.131862140139475,0.00106213973638446,0.999102011573855,32.2633234522761,-0.0325148782833538
0.133083472465407,0.00106332358543773,0.999103899048477,32.5534368913235,-0.0328117287307723
0.134316117004602,0.00106452991369682,0.999105821816007,32.8460010800346,-0.0331112081062427
0.135560178532937,0.00106575915613545,0.999107780539508,33.1410324576605,-0.0334133373913705
0.136815762796747,0.00106701175643602,0.99910977589462,33.4385474566657,-0.0337181376682522
0.138082976521809,0.0010682881671766,0.999111808569798,33.7385624988311,-0.0340256301178039
0.139361927422414,0.00106958885001671,0.999113879266564,34.0410939914608,-0.0343358360180026
0.140652724210524,0.00107091427589399,0.999115988699757,34.3461583232288,-0.0346487767420361
0.14195547660501,0.00107226492521804,0.999118137597791,34.6537718601814,-0.0349644737563621
0.143270295340983,0.00107364128807634,0.999120326702917,34.9639509413525,-0.0352829486186695
0.144597292179202,0.001075043864439,0.999122556771496,35.2767118744755,-0.0356042229757431
0.145936579915576,0.00107647316437155,0.999124828574265,35.5920709314574,-0.0359283185612255
0.14728827239075,0.00107792970824999,0.999127142896622,35.9100443438353,-0.0362552571932744
0.148652484499786,0.00107941402698616,0.999129500538907,36.2306482979073,-0.036585060772112
0.150029332201922,0.00108092666225087,0.999131902316695,36.5538989300278,-0.0369177512774634
0.151418932530435,0.00108246816670891,0.99913434906109,36.879812321521,-0.037253350765878
0.152821403602587,0.00108403910425559,0.999136841619028,37.2084044936226,-0.0375918813679346
0.154236864629663,0.00108564005026077,0.999139380853588,37.539691402219,-0.0379333652853264
0.155665435927106,0.00108727159181751,0.999141967644301,37.8736889324991,-0.0382778247878156
0.157107238924745,0.00108893432799835,0.999144602887476,38.2104128934068,-0.0386252822100599
0.158562396177114,0.00109062887011525,0.999147287496524,38.5498790120506,-0.0389757599483096
0.16003103137387,0.00109235584198862,0.999150022402296,38.8921029278662,-0.0393292804569614
0.161513269350309,0.00109411588021903,0.999152808553421,39.2371001867985,-0.0396858662449744
0.163009236097974,0.00109590963447,0.999155646916652,39.5848862351406,-0.0400455398721388
0.164519058775366,0.00109773776775358,0.999158538477229,39.9354764134202,-0.0404083239451967
0.166042865718753,0.00109960095672475,0.99916148423923,40.2888859500425,-0.0407742411138004
0.167580786453077,0.00110149989198284,0.999164485225951,40.6451299548073,-0.041143314066325
0.169132951702965,0.00110343527838026,0.999167542480278,41.0042234122738,-0.041515565525501
0.170699493403841,0.00110540783533797,0.999170657065073,41.3661811750142,-0.0418910182438917
0.172280544713139,0.00110741829716975,0.999173830063567,41.7310179566669,-0.0422696949991885
0.173876240021625,0.00110946741341239,0.999177062579762,42.0987483249425,-0.0426516185893306
0.175486714964815,0.00111155594916717,0.99918035573884,42.4693866943152,-0.0430368118274371
0.177112106434509,0.00111368468544752,0.999183710687581,42.842947318679,-0.0434252975365521
0.178752552590423,0.00111585441953278,0.999187128594788,43.2194442839672,-0.0438170985441972
0.180408192871938,0.00111806596533806,0.999190610651725,43.5988915002619,-0.0442122376767156
0.182079168009946,0.00112032015378426,0.99919415807256,43.9813026941852,-0.0446107377534151
0.183765620038817,0.00112261783318508,0.99919777209482,44.3666914007562,-0.0450126215804969
0.18546769230847,0.00112495986963752,0.999201453979851,44.7550709553972,-0.0454179119447631
0.187185529496558,0.0011273471474253,0.999205205013297,45.1464544856294,-0.0458266316071047
0.188919277620767,0.00112978056943356,0.999209026505575,45.5408549025364,-0.0462388032957511
0.190669084051225,0.00113226105756855,0.999212919792376,45.938284892366,-0.0466544496992831
0.192435097523033,0.00113478955319444,0.999216886235162,46.3387569076352,-0.0470735934594036
0.194217468148903,0.00113736701757656,0.999220927221682,46.7422831582994,-0.0474962571634534
0.196016347431919,0.00113999443233744,0.9992250441665,47.1488756027038,-0.0479224633366668
0.197831888278416,0.00114267279992334,0.999229238511526,47.5585459384211,-0.0483522344341606
0.199664245010979,0.00114540314408473,0.999233511726566,47.9713055928233,-0.0487855928326512
0.201513573381556,0.00114818651036465,0.999237865309879,48.3871657137435,-0.0492225608218868
0.203380030584698,0.00115102396660621,0.999242300788752,48.8061371596052,-0.0496631605957875
0.205263775270925,0.00115391660346575,0.999246819720075,49.2282304898021,-0.0501074142432939
0.207164967560207,0.00115686553494336,0.999251423690948,49.6534559547098,-0.0505553437389002
0.209083769055575,0.00115987189892627,0.999256114319275,50.0818234855703,-0.0510069709328768
0.21102034285686,0.00116293685774487,0.999260893254398,50.513342684306,-0.0514623175411705
0.212974853574552,0.00116606159874467,0.999265762177722,50.9480228131132,-0.0519214051349625
0.214947467343798,0.00116924733487133,0.999270722803372,51.3858727839808,-0.0523842551299012
0.216938351838518,0.00117249530527221,0.999275776878844,51.8269011480166,-0.0528508887749551
0.218947676285662,0.00117580677591215,0.999280926185693,52.271116084689,-0.0533213271409366
0.22097561147959,0.00117918304020553,0.999286172540213,52.7185253909325,-0.0537955911086285
0.223022329796594,0.00118262541966543,0.999291517794155,53.1691364700724,-0.0542737013565367
0.225088005209546,0.00118613526456877,0.999296963835437,53.6229563206759,-0.0547556783482579
0.227172813302691,0.0011897139546392,0.999302512588889,54.0799915252622,-0.0552415423194303
0.229276931286565,0.00119336289974644,0.999308166017002,54.540248238963,-0.0557313132642805
0.231400538013065,0.00119708354062605,0.999313926120701,55.0037321779543,-0.0562250109217391
0.233543813990648,0.00120087734961722,0.999319794940126,55.4704486078025,-0.0567226547611211
0.235706941399673,0.00120474583141779,0.999325774555445,55.9404023318675,-0.0572242639673566
0.237890104107889,0.00120869052386312,0.999331867087667,56.4135976793209,-0.0577298574257597
0.240093487686065,0.00121271299872055,0.999338074699487,56.8900384934167,-0.0582394537063259
0.24231727942376,0.00121681486250994,0.99934439959614,57.3697281192941,-0.0587530710475378
0.244561668345245,0.00122099775733992,0.999350844026284,57.8526693921531,-0.0592707273396775
0.246826845225569,0.00122526336177356,0.999357410282894,58.3388646247854,-0.0597924401076216
0.249113002606779,0.00122961339170931,0.999364100704177,58.8283155956251,-0.06031822649311
0.25142033481428,0.00123404960129037,0.999370917674515,59.3210235363404,-0.06084810323648
0.253749037973357,0.00123857378383596,0.999377863625417,59.8169891195655,-0.0613820866578308
0.256099310025846,0.00124318777280002,0.999384941036503,60.3162124463411,-0.0619201926376355
0.258471350746956,0.00124789344274968,0.999392152436507,60.8186930340016,-0.062462436596758
0.260865361762255,0.00125269271037678,0.9993995004043,61.324429803457,-0.0630088334758726
0.263281546564802,0.00125758753553224,0.999406987569936,61.8334210667984,-0.0635593977142642
0.265720110532451,0.00126257992228794,0.999414616615728,62.3456645148975,-0.0641141432280046
0.268181260945301,0.0012676719200291,0.99942239027734,62.8611572048344,-0.0646730833874695
0.270665207003324,0.00127286562457469,0.999430311344912,63.3798955474357,-0.0652362309942022
0.273172159844138,0.0012781631793282,0.999438382664204,63.9018752948009,-0.065803598257083
0.275702332560958,0.00128356677645908,0.99944660713777,64.4270915278872,-0.0663751967678027
0.278255940220712,0.0012890786581158,0.999454987726158,64.9555386441491,-0.0669510374756294
0.280833199882317,0.00129470111767368,0.999463527449136,65.4872103450139,-0.067531130661412
0.283434330615131,0.00130043650101217,0.999472229386952,66.0220996238491,-0.0681154859108578
0.286059553517574,0.00130628720783181,0.999481096681614,66.5601987534732,-0.0687041120870172
0.288709091735924,0.00131225569300237,0.999490132538211,67.1014992742003,-0.069297017301974
0.291383170483279,0.00131834446794992,0.99949934022625,67.6459919817453,-0.0698942088877373
0.294082017058706,0.00132455610208187,0.999508723081042,68.1936669151811,-0.070495693366275
0.29680586086656,0.00133089322424799,0.999518284505106,68.7445133453115,-0.0711014764187151
0.299554933435981,0.00133735852424474,0.999528027969614,69.2985197628031,-0.071711562853647
0.302329468440578,0.00134395475435777,0.999537957015861,69.855673866736,-0.0723259565745454
0.305129701718287,0.00135068473094799,0.999548075256788,70.415962553173,-0.0729446605462578
0.307955871291423,0.00135755133607955,0.999558386378515,70.9793719040329,-0.0735676767605517
0.310808217386906,0.00136455751919407,0.999568894141936,71.5458871759572,-0.0741950062006953
0.313686982456688,0.0013717062988288,0.999579602384333,72.1154927895794,-0.0748266488050552
0.316592411198352,0.00137900076438279,0.999590515021038,72.688172318896,-0.0754626034296575
0.319524750575921,0.00138644407793177,0.999601636047136,73.2639084808086,-0.0761028678097376
0.322484249840844,0.00139403947609074,0.9996129695392,73.8426831252073,-0.0767474385202018
0.325471160553185,0.0014017902719307,0.999624519657077,74.4244772248594,-0.0773963109350104
0.328485736603004,0.00140969985694502,0.99963629064571,75.0092708660017,-0.07804947918544
0.331528234231942,0.00141777170307191,0.999648286837014,75.5970432389497,-0.0787069361172096
0.334598912054997,0.0014260093647712,0.999660512651781,76.1877726291584,-0.0793686732464248
0.337698031082509,0.00143441648115878,0.999672972601653,76.7814364085196,-0.0800346807143388
0.340825854742345,0.00144299677819983,0.999685671291121,77.3780110270855,-0.0807049472408795
0.343982648902293,0.00145175407096226,0.999698613419589,77.9774720050122,-0.0813794600769181
0.347168681892656,0.00146069226593215,0.999711803783483,78.5797939250399,-0.0820582049552718
0.350384224529067,0.00146981536339324,0.999725247278411,79.1849504252227,-0.0827411660403792
0.353629550135504,0.00147912745987165,0.999738948901376,79.7929141922176,-0.0834283258766329
0.356904934567523,0.00148863275064917,0.999752913753047,80.4036569546728,-0.0841196653353569
0.360210656235707,0.00149833553234428,0.999767147040083,81.0171494774628,-0.0848151635603615
0.363546996129332,0.00150824020556566,0.99978165407752,81.6333615561482,-0.0855147979120727
0.366914237840249,0.00151835127763901,0.999796440291208,82.2522620117852,-0.086218543910192
0.370312667586993,0.00152867336540843,0.999811511220321,82.8738186865109,-0.0869263751748615
0.373742574239106,0.00153921119811619,0.999826872519919,83.4979984393631,-0.087638263366293
0.3772042493417,0.00154996962036172,0.999842529963582,84.1247671427387,-0.0883541781228393
0.380697987140229,0.00156095359514245,0.99985848944611,84.754089679353,-0.0890740869974526
0.384224084605506,0.0015721682069791,0.999874756986284,85.3859299396857,-0.0897979553925272
0.387782841458946,0.0015836186651273,0.999891338729709,86.0202508200535,-0.0905257464930692
0.391374560198038,0.00159531030687815,0.999908240951717,86.6570142212104,-0.0912574211981577
0.394999546122064,0.00160724860095043,0.999925470060357,87.2961810475085,-0.0919929380506802
0.398658107358044,0.00161943915097662,0.999943032599447,87.9377112066521,-0.0927322531652863
0.402350554886929,0.00163188769908559,0.999960935251718,88.5815636100492,-0.0934753201545475
0.406077202570037,0.00164460012958464,0.999979184842032,89.2276961738686,-0.094222090053241
0.409838367175726,0.00165758247274338,0.999997788340683,89.8760658205283,-0.0949725112407915
0.413634368406327,0.00167084090868292,1.00001675286679,90.5266284810258,-0.0957265293617719
0.417465528925314,0.00168438177137249,1.00003608569175,91.1793390977482,-0.0964840872444479
0.421332174384729,0.00169821155273718,1.00005579424286,91.8341516280518,-0.0972451248173357
0.425234633452868,0.00171233690687921,1.0000758861069,92.4910190483785,-0.0980095790237326
0.429173237842216,0.00172676465441673,1.00009636903396,93.1498933592394,-0.0987773837341809
0.43314832233764,0.00174150178694223,1.00011725094125,93.8107255905906,-0.0995484696568
0.43716022482485,0.00175655547160558,1.00013853991707,94.4734658082042,-0.100322764245523
0.441209286319119,0.0017719330558228,1.00016024422486,95.1380631204416,-0.101100191606105
0.445295850994266,0.00178764207211662,1.00018237230741,95.8044656859297,-0.101880672399942
0.449420266211914,0.00180369024309038,1.00020493279107,96.4726207218392,-0.10266412374562
0.453582882551019,0.00182008548653972,1.00022793449021,97.1424745127722,-0.103450459118166
0.457784053837662,0.00183683592070699,1.00025138641168,97.8139724206311,-0.104239588245981
0.462024137175131,0.00185394986967972,1.00027529775948,98.4870588948282,-0.105031417005391
0.466303492974273,0.00187143586893971,1.00029967793948,99.1616774835064,-0.105825847312789
0.470622484984128,0.00188930267106498,1.00032453656433,99.8377708451817,-0.106622777014346
0.47498148032285,0.00190755925159065,1.00034988345848,100.515280761381,-0.107422099773229
0.479380849508911,0.00192621481503057,1.0003757286633,101.194148149668,-0.108223704954316
0.483820966492596,0.00194527880106751,1.0004020824424,101.874313077682,-0.109027477506349
0.488302208687788,0.00196476089091213,1.00042895528704,102.55571477749,-0.109833297841507
0.492824957004051,0.00198467101384013,1.00045635792176,103.238291660963,-0.110641041712363
0.497389595879006,0.00200501935390875,1.00048430131006,103.921981335633,-0.111450580086191
0.501996513311008,0.00202581635685944,1.00051279666033,104.606720621239,-0.112261779016578
0.506646100892127,0.00204707273721081,1.00054185543189,105.29244556695,-0.113074499512342
0.511338753841433,0.00206879948554807,1.00057148934124,105.979091469253,-0.113888597403686
0.516074871038591,0.00209100787601259,1.0006017103684,106.666592890368,-0.114703923205613
0.520854855057766,0.0021137094740005,1.00063253076354,107.3548836775,-0.115520321978495
0.525679112201842,0.00213691614407007,1.00066396305371,108.043896982388,-0.116337633185881
0.530548052536957,0.00216064005807052,1.00069602004978,108.733565281734,-0.117155690549404
0.535462089927361,0.00218489370349294,1.00072871485359,109.423820398032,-0.117974321900871
0.540421642070592,0.00220968989205163,1.00076206086525,110.114593521004,-0.118793349031435
0.545427130532983,0.00223504176850242,1.00079607179074,110.805815229627,-0.119612587537879
0.550478980785497,0.00226096281970238,1.00083076164962,111.497415514577,-0.120431846665993
0.555577622239888,0.00228746688391976,1.00086614478302,112.189323801253,-0.121250929151022
0.560723488285203,0.00231456816040061,1.00090223586183,112.881468973327,-0.12206963105517
0.565917016324624,0.0023422812191957,1.00093904989512,113.573779396585,-0.122887741602196
0.571158647812643,0.00237062101126019,1.00097660223886,114.266182943394,-0.123705043009026
0.576448828292588,0.0023996028788295,1.00101490860475,114.958607017506,-0.124521310314483
0.581788007434493,0.0024292425660786,1.00105398506946,115.650978579192,-0.125336311205042
0.587176639073326,0.00245955623007645,1.00109384808405,116.343224170884,-0.126149805837688
0.592615181247555,0.0024905604520366,1.00113451448362,117.035269942988,-0.126961546659873
0.598104096238094,0.00252227224888166,1.00117600149735,117.727041680227,-0.127771278226574
0.603643850607587,0.00255470908511772,1.00121832675874,118.418464828034,-0.128578737014515
0.609234915240071,0.00258788888503904,1.00126150831615,119.109464519403,-0.129383651233535
0.614877765381002,0.00262183004526382,1.00130556464371,119.79996560188,-0.130185740635195
0.62057288067765,0.00265655144761226,1.00135051465245,120.489892664751,-0.130984716318623
0.626320745219869,0.00269207247233829,1.00139637770183,121.179170066479,-0.131780280533659
0.632121847581245,0.00272841301172098,1.00144317361158,121.867721962248,-0.13257212648138
0.637976680860628,0.00276559348402542,1.00149092267385,122.555472331588,-0.133359938112032
0.643885742724042,0.00280363484784792,1.00153964566579,123.242345006198,-0.134143389920478
0.649849535446989,0.00284255861684753,1.0015893638624,123.92826369772,-0.134922146739222
0.655868565957143,0.0028823868748816,1.00164009904981,124.613152025613,-0.135695863529107
0.661943345877439,0.0029231422915511,1.001691873539,125.296933545002,-0.136464185167786
0.668074391569561,0.00296484813817049,1.00174471017979,125.979531774524,-0.137226746236096
0.674262224177834,0.00300752830417011,1.00179863237535,126.66087022411,-0.137983170802407
0.680507369673521,0.00305120731394192,1.00185366409712,127.340872422623,-0.138733072205163
0.68681035889953,0.00309591034414676,1.0019098299001,128.019461945499,-0.13947605283366
0.693171727615541,0.00314166324148641,1.00196715493868,128.69656244213,-0.140211703907321
0.699592016543537,0.00318849254095961,1.0020256649829,129.372097663151,-0.140939605253562
0.706071771413777,0.0032364254846087,1.00208538643514,130.045991487444,-0.141659325084496
0.712611543011175,0.00328549004077936,1.00214634634742,130.718167949031,-0.142370419772615
0.719211887222119,0.00333571492389303,1.00220857243908,131.388551263568,-0.143072433625763
0.725873365081725,0.0033871296147599,1.00227209311509,132.057065854675,-0.143764898661517
0.732596542821523,0.00343976438143529,1.00233693748484,132.723636379874,-0.144447334381348
0.739381991917587,0.00349365030064067,1.0024031353815,133.38818775622,-0.145119247544762
0.746230289139111,0.00354881927976086,1.00247071738202,134.050645185576,-0.145780131943731
0.753142016597437,0.00360530407943198,1.00253971482757,134.710934179458,-0.146429468177757
0.760117761795533,0.00366313833673923,1.00261015984481,135.368980583521,-0.147066723429883
0.76715811767793,0.00372235658903594,1.00268208536756,136.024710601568,-0.147691351243993
0.774263682681127,0.00378299429840233,1.0027555251593,136.678050819115,-0.148302791303868
0.781435060784454,0.00384508787675909,1.00283051383628,137.328928226451,-0.1489004692143
0.788672861561415,0.0039086747116568,1.00290708689124,137.977270241247,-0.149483796284801
0.795977700231498,0.0039737931927517,1.002985280718,138.623004730571,-0.150052169316325
0.803350197712474,0.00404048273899288,1.00306513263663,139.266060032429,-0.150604970391534
0.810790980673169,0.00410878382653295,1.00314668091948,139.906364976691,-0.151141566669115
0.818300681586739,0.00417873801738566,1.00322996481794,140.543848905474,-0.151661310182712
0.825879938784427,0.00425038798884721,1.00331502459003,141.178441692917,-0.152163537645141
0.833529396509819,0.00432377756369813,1.00340190152875,141.810073764325,-0.152647570258429
0.841249704973612,0.00439895174121546,1.0034906379914,142.438676114745,-0.153112713530435
0.849041520408875,0.00447595672900203,1.00358127742965,143.064180326845,-0.153558257098744
0.856905505126835,0.00455483997566494,1.00367386442062,143.68651858817,-0.153983474562572
0.864842327573172,0.00463565020436008,1.00376844469881,144.305623707745,-0.154387623323603
0.872852662384838,0.00471843744722542,1.00386506518904,144.921429131989,-0.154769944436404
0.880937190447399,0.00480325308072384,1.00396377404034,145.533868959952,-0.155129662469594
0.889096598952916,0.00489014986192195,1.00406462066091,146.142877957874,-0.155465985378479
0.897331581458352,0.00497918196572841,1.00416765575407,146.748391573044,-0.155778104390361
0.905642837944529,0.00507040502310917,1.00427293135531,147.350345946951,-0.156065193903444
0.914031074875623,0.00516387616031372,1.00438050087047,147.948677927735,-0.156326411400584
0.922497005259217,0.00525965403913242,1.00449041911504,148.543325081932,-0.156560897379006
0.931041348706908,0.00535779889820958,1.00460274235462,149.134225705493,-0.15676777529731
0.93966483149547,0.00545837259544289,1.00471752834667,149.721318834112,-0.156946151541022
0.948368186628592,0.00556143865149232,1.00483483638338,150.304544252806,-0.157095115408161
0.957152153899186,0.00566706229442845,1.00495472733594,150.883842504812,-0.157213739116286
0.966017479952265,0.005775310505548,1.00507726370007,151.459154899753,-0.15730107783256
0.974964918348409,0.00588625206638278,1.00520250964293,152.03042352109,-0.157356169728528
0.983995229627823,0.00599995760693752,1.00533053105139,152.597591232877,-0.157378036061204
0.99310918137498,0.0061164996551779,1.0054613955818,153.160601685795,-0.157365681282506
1.00230754828387,0.00623595268781134,1.00559517271119,153.719399322511,-0.157318093178751
1.01159111222383,0.00635839318237572,1.00573193378998,154.273929382304,-0.157234243042293
1.02096066230605,0.00648389967068773,1.00587175209632,154.824137905044,-0.157113085877491
1.03041699495059,0.00661255279366712,1.00601470289194,155.36997173446,-0.156953560643111
1.03996091395412,0.00674443535757502,1.00616086347976,155.911378520743,-0.15675459053357
1.04959323055823,0.00687963239170908,1.00631031326309,156.44830672249,-0.156515083301455
1.05931476351837,0.00701823120757451,1.00646313380665,156.980705607978,-0.156233931623923
1.06912633917348,0.00716032145958382,1.00661940889935,157.508525255815,-0.155910013515602
1.07902879151618,0.00730599520730696,1.00677922461892,158.031716554931,-0.155542192790906
1.08902296226373,0.00745534697931419,1.00694266939839,158.55023120395,-0.155129319578736
1.0991097009295,0.00760847383865498,1.0071098340946,159.064021709965,-0.154670230892604
1.10928986489522,0.00776547545000526,1.00728081205861,159.573041386693,-0.154163751259538
1.11956431948388,0.00792645414851739,1.00745569920822,160.077244352047,-0.153608693411072
1.12993393803322,0.00809151501042646,1.00763459410251,160.576585525138,-0.153003859040085
1.14039960197003,0.00826076592544313,1.00781759801861,161.071020622707,-0.15234803962702
1.15096220088503,0.00843431767097774,1.00800481503069,161.560506155014,-0.151640017339535
1.1616226326085,0.00861228398823463,1.00819635209107,162.044999421186,-0.150878566009724
1.1723818032866,0.00879478166022747,1.00839231911387,162.524458504053,-0.150062452193039
1.18324062745838,0.00898193059175394,1.00859282906082,162.998842264472,-0.149190436313567
1.19420002813353,0.00917385389137016,1.00879799802966,163.46811033516,-0.148261273900241
1.20526093687084,0.0093706779554222,1.00900794534497,163.932223114057,-0.147273716918947
1.21642429385737,0.00957253255416735,1.00922279365157,164.391141757218,-0.146226515205555
1.22769104798836,0.00977955092004428,1.00944266901052,164.844828171272,-0.145118418005334
1.23906215694792,0.009991869838129,1.00966770099782,165.293245005441,-0.143948175624182
1.25053858729039,0.0102096297388313,1.00989802280583,165.736355643147,-0.142714541197617
1.26212131452255,0.0104329747928849,1.01013377134752,166.174124193223,-0.14141627258343
1.27381132318648,0.0106620530086675,1.01037508736352,166.606515480739,-0.140052134384448
1.2856096069433,0.0108970163319146,1.01062211553218,167.033495037453,-0.138620900107964
1.29751716865759,0.0111380207478756,1.01087500458252,167.455029091924,-0.137121354468532
1.30953502048267,0.0113852263859602,1.01113390741035,167.871084559272,-0.13555229584152
1.32166418394661,0.0116387976269312,1.01139898119738,168.28162903063,-0.133912538874571
1.33390569003906,0.0118989032126961,1.01167038753356,168.686630762278,-0.132200917264866
1.34626057929891,0.0121657163587557,1.01194829254271,169.086058664492,-0.130416286710144
1.35872990190271,0.0124394148693579,1.01223286701135,169.479882290119,-0.128557528041846
1.37131471775394,0.0127201812554189,1.01252428652094,169.868071822882,-0.126623550548922
1.38401609657313,0.013008202855265,1.01282273158357,170.250598065446,-0.124613295501549
1.39683511798874,0.0133036719582509,1.01312838778105,170.627432427245,-0.122525739883768
1.40977287162897,0.0136067859313148,1.01344144590763,170.998546912098,-0.120359900344974
1.42283045721435,0.0139177473485274,1.01376210211623,171.363914105615,-0.118114837380137
1.43600898465126,0.0142367641236953,1.0140905580684,171.723507162413,-0.115789659749211
1.44930957412622,0.0145640496460681,1.01442702108791,172.077299793155,-0.11338352914648
1.46273335620113,0.0148998229192287,1.01477170431813,172.42526625143,-0.110895665130951
1.47628147190939,0.015244308703203,1.01512482688324,172.767381320471,-0.108325350329368
1.48995507285285,0.0155977376598692,1.01548661405323,173.10362029975,-0.105671935923659
1.50375532129974,0.0159603465017156,1.01585729741284,173.43395899143,-0.102934847435238
1.51768339028341,0.0163323781440132,1.01623711503441,173.758373686718,-0.100113590818771
1.53174046370208,0.0167140818604601,1.01662631165472,174.076841152101,-0.0972077588784787
1.54592773641948,0.0171057134423652,1.01702513885584,174.389338615508,-0.094217038020643
1.56024641436637,0.0175075353614261,1.01743385524996,174.695843752376,-0.0911412153559699
1.57469771464309,0.0179198169361667,1.01785272666832,174.996334671652,-0.0879801861664344
1.58928286562298,0.018342834502095,1.01828202635424,175.290789901746,-0.0847339617510648
1.60400310705682,0.0187768715856423,1.01872203516015,175.579188376416,-0.0814026776659614
1.6188596901782,0.0192222190819401,1.01917304174882,175.861509420633,-0.0779866023740482
1.63385387780986,0.0196791754365069,1.01963534279857,176.137732736401,-0.074486146320537
1.64898694447106,0.0201480468308906,1.02010924321268,176.407838388565,-0.0709018714503951
1.6642601764859,0.0206291473723384,1.02059505633279,176.671806790603,-0.0672345011845785
1.67967487209265,0.0211227992875464,1.02109310415636,176.929618690418,-0.0634849308721609
1.69523234155412,0.0216293331205453,1.0216037175582,177.181255156127,-0.0596542387358456
1.71093390726901,0.0221490879347886,1.02212723651589,177.426697561865,-0.0557436973286587
1.72678090388436,0.0226824115194892,1.0226640103392,177.665927573615,-0.0517547855201322
1.74277467840892,0.023229660600267,1.02321439790328,177.898927135047,-0.0476892010303054
1.75891659032773,0.0237912010541552,1.02377876788574,178.125678453407,-0.043548873530559
1.77520801171763,0.0243674081290194,1.02435749900734,178.346163985435,-0.0393359783302998
1.7916503273639,0.0249586666674458,1.02495098027628,178.560366423326,-0.0350529506688099
1.80824493487795,0.0255653713351361,1.02555961123599,178.768268680749,-0.0307025006319539
1.82499324481615,0.0261879268538611,1.02618380221628,178.969853878912,-0.0262876287134287
1.84189668079971,0.0268267482390192,1.02682397458763,179.165105332696,-0.0218116420405891
1.85895667963569,0.0274822610418393,1.02748056101854,179.354006536849,-0.0172781712848152
1.87617469143912,0.0281549015962587,1.02815400573578,179.536541152246,-0.012691188276616
1.8935521797563,0.0288451172705288,1.02884476478714,179.712692992235,-0.00805502434561315
1.91109062168914,0.0295533667235613,1.0295533063068,179.882446009043,-0.00337438940551813
1.92879150802078,0.0302801201660585,1.03028011078267,180.045784280278,0.00134560819587019
1.94665634334226,0.0310258596264415,1.03102567132581,180.202691995505,0.00609944104170664
1.96468664618045,0.0317910792216047,1.03179049394134,180.353153442912,0.0108811412065628
1.98288394912707,0.0325762854325066,1.03257509780075,180.497152996069,0.0156842779929279
2.00124979896904,0.0333819973846081,1.03338001551506,180.634675100769,0.0205019348246588
2.01978575681988,0.0342087471331658,1.03420579340865,180.765704261978,0.0253266852789868
2.03849339825246,0.0350570799533791,1.03505299179322,180.890225030864,0.0301505682389342
2.05737431343291,0.0359275546353798,1.03592218524149,181.00822199194,0.0349650621488288
2.07643010725577,0.0368207437840591,1.03681396286023,181.119679750292,0.0397610583563804
2.09566239948043,0.0377372341236991,1.03772892856204,181.22458291892,0.0445288335254614
2.1150728248688,0.0386776268073947,1.03866770133536,181.322916106172,0.0492580211049652
2.13466303332424,0.0396425377312156,1.03963091551218,181.414663903283,0.0539375818398952
2.15443469003188,0.0406325978530689,1.04061922103284,181.499810872018,0.0585557733124845
2.17438947560008,0.0416484535162122,1.04163328370717,181.578341532423,0.0631001185021451
2.19452908620331,0.0426907667773387,1.04267378547147,181.650240350668,0.0675573733547079
2.21485523372636,0.0437602157391702,1.04374142464037,181.715491727012,0.0719134933532164
2.2353696459098,0.044857494887468,1.04483691615297,181.774079983855,0.0761535990841229
2.25607406649686,0.0459833154323556,1.04596099181233,181.825989353908,0.0802619407948672
2.27697025538168,0.0471384056538491,1.04711440051752,181.87120396846,0.0842218619411312
2.29805998875885,0.0483235112514607,1.04829790848715,181.909707845755,0.0880157617239758
2.31934505927443,0.0495393956977413,1.04951229947369,181.941484879468,0.09162505662017
2.34082727617829,0.0507868405955989,1.05075837496715,181.966518827286,0.0950301409112516
2.36250846547795,0.0520666460392243,1.05203695438745,181.984793299595,0.0982103462201064
2.38439047009372,0.053379630978422,1.05334887526406,181.99629174827,0.101143900066797
2.40647515001542,0.0547266335861531,1.05469499340179,182.00099745556,0.103807883458817
2.42876438246045,0.0561085116290424,1.05607618303153,181.998893523086,0.106178187534357
2.45126006203334,0.0575261428406077,1.05749333694457,181.989962860932,0.108229469281045
2.47396410088681,0.0589804252969337,1.05894736660909,181.974188176843,0.109935106356537
2.49687842888433,0.0604722777944936,1.06043920226753,181.951551965516,0.111267151041437
2.52000499376409,0.062002640229793,1.06196979301306,181.922036498004,0.11219628335952
2.54334576130465,0.0635724739804857,1.06354010684391,181.885623811202,0.112691763404856
2.56690271549195,0.0651827622875871,1.06515113069365,181.842295697453,0.11272138292003
2.59067785868801,0.066834510638367,1.0668038704359,181.792033694237,0.112251416174902
2.61467321180109,0.0685287471494913,1.06849935086157,181.734819073973,0.111246570200564
2.63889081445751,0.0702665229499271,1.07023861562689,181.670632833911,0.109669934438237
2.66333272517498,0.0720489125631115,1.07202272717025,181.599455686134,0.107482929868932
2.68800102153761,0.0738770142878287,1.07385276659595,181.521268047656,0.104645257694927
2.71289780037247,0.0757519505772087,1.07572983352272,181.436050030625,0.101114847650551
2.73802517792786,0.0776748684152175,1.07765504589501,181.343781432632,0.0968478060253752
2.76338529005317,0.0796469396899667,1.07962953975475,181.244441727123,0.0917983634892097
2.78898029238044,0.0816693615631142,1.08165446897145,181.138010053921,0.0859188228149599
2.81481236050758,0.0837433568345902,1.08373100492824,181.024465209863,0.0791595066011198
2.8408836901833,0.0858701743018219,1.08586033616145,180.903785639541,0.0714687051025544
2.86719649749377,0.0880510891125733,1.08804366795147,180.77594942617,0.0627926242847187
2.89375301905095,0.0902874031104698,1.09028222186207,180.640934282576,0.0530753342224753
2.92055551218275,0.0925804451721982,1.0925772352259,180.498717542305,0.0422587179716545
2.94760625512486,0.0949315715353252,1.09492996057342,180.34927615087,0.0302824210474505
2.97490754721444,0.0973421661155929,1.09734166500249,180.192586657135,0.0170838016503476
3.00246170908555,0.0998136408124917,1.09981362948607,180.028625204839,0.00259788178603821
3.0302710828664,0.102347435801823,1.10234714811506,179.85736752428,-0.0132427005677752
3.05833803237843,0.104945019813894,1.10494352727353,179.678788924158,-0.0305077380894977
3.08666494333727,0.107607890395893,1.10760408474345,179.492864283583,-0.049269499372602
3.11525422355549,0.11033757415691,1.11033014873592,179.299568044278,-0.0696027726465826
3.14410830314726,0.113135626993979,1.11312305684601,179.098874202965,-0.0915849077855883
3.17322963473498,0.116003634297403,1.11598415492815,178.890756303964,-0.115295856426704
3.20262069365765,0.118943211133549,1.11891479588908,178.675187432011,-0.140818210015166
3.23228397818138,0.121956002403143,1.12191633839522,178.452140205322,-0.168237235590591
3.26222200971167,0.125043682973055,1.12499014549149,178.221586768901,-0.197640909125443
3.29243733300777,0.128207957779364,1.12813758312836,177.983498788133,-0.229119946223758
3.32293251639897,0.131450561899416,1.13136001859408,177.737847442671,-0.262767829987427
3.35371015200293,0.13477326059046,1.13465881884903,177.484603420645,-0.298680835855123
3.38477285594598,0.138177849292281,1.13803534875889,177.223736913207,-0.336958053218987
3.41612326858553,0.141666153591119,1.14149096922374,176.955217609463,-0.37770140362447
3.44776405473446,0.145240029142026,1.14502703519979,176.679014691795,-0.421015655359133
3.47969790388769,0.148901361546633,1.1486448936108,176.395096831625,-0.467008434238782
3.51192753045073,0.152652066183146,1.15234588114608,176.103432185644,-0.515790230401057
3.54445567397043,0.156494087985229,1.15613132194195,175.803988392552,-0.567474400920365
3.57728509936787,0.16042940116623,1.16000252514379,175.496732570343,-0.62217716806228
3.61041859717334,0.164460008885044,1.16396078234574,175.181631314189,-0.680017613000189
3.64385898376354,0.168587942849701,1.16800736490498,174.858650694956,-0.741117664822936
3.67760910160103,0.172815262854572,1.17214352112792,174.527756258416,-0.805602084668934
3.71167181947576,0.177144056246874,1.17637047332546,174.188913025207,-0.873598444829271
3.74605003274899,0.18157643731796,1.18068941473467,173.842085491595,-0.945237102670781
3.78074666359935,0.186114546614614,1.18510150630413,173.487237631107,-1.02065116923863
3.81576466127125,0.190760550165401,1.1896078733406,173.124332897101,-1.09997647240755
3.85110700232557,0.195516638616843,1.19420960201453,172.753334226347,-1.18335151446088
3.88677669089267,0.200385026273958,1.19890773572199,172.374204043694,-1.27091742398726
3.92277675892772,0.205367950039489,1.20370327130106,171.986904267912,-1.36281790199598
3.95911026646846,0.210467668245815,1.20859715510046,171.591396318786,-1.45919916216304
3.99578030189527,0.215686459373399,1.21359027889863,171.187641125577,-1.56020986513246
4.03278998219371,0.221026620649224,1.21868347567148,170.775599136928,-1.66600104680833
4.07014245321944,0.226490466518552,1.22387751520738,170.355230332338,-1.77672604058637
4.10784088996565,0.232080326982937,1.22917309956787,169.926494235308,-1.89254039348461
4.14588849683291,0.237798545797269,1.2345708583932,169.489349928295,-2.01360177614534
4.18428850790158,0.243647478518289,1.24007134405165,169.043756069577,-2.14006988669223
4.22304418720667,0.249629490396774,1.24567502663212,168.589670912192,-2.2721063484374
4.26215882901532,0.255746954105356,1.2513822887797,168.127052325073,-2.40987460144415
4.3016357581068,0.262002247293639,1.25719342037414,167.655857816548,-2.55353978796196
4.34147833005509,0.268397749962083,1.26310861305171,167.176044560343,-2.70326863175836
4.38168993151419,0.274935841645876,1.26912795457123,166.687569424281,-2.85922931138317
4.4222739805059,0.281618898399783,1.27525142302534,166.190389001834,-3.02159132740594
4.4632339267104,0.288449289574804,1.28147888089886,165.684459646721,-3.19052536367672
4.50457325175946,0.295429374377275,1.28781006897648,165.169737510749,-3.36620314266364
4.5462954695324,0.302561498200897,1.29424460010243,164.64617858509,-3.54879727492735
4.58840412645476,0.3098479887221,1.30078195279574,164.113738745223,-3.73848110279416
4.63090280179974,0.317291151749036,1.30742146472533,163.572373799739,-3.93542853829287
4.67379510799246,0.324893266814492,1.31416232604963,163.022039543261,-4.13981389542031
4.71708469091702,0.332656582503016,1.32100357262689,162.462691813705,-4.35181171680078
4.76077523022637,0.340583311502649,1.32794407910268,161.894286554125,-4.57159659480228
4.80487043965513,0.348675625371783,1.33498255188262,161.316779879414,-4.79934298716981
4.84937406733524,0.356935649011866,1.3421175219991,160.730128148099,-5.0352250272318
4.89428989611453,0.365365454837022,1.34934733788232,160.134288039522,-5.27941632873055
4.93962174387832,0.373967056631987,1.35667015804714,159.52921663667,-5.53208978532153
4.98537346387389,0.38274240309029,1.36408394370878,158.914871514926,-5.79341736477921
5.03154894503805,0.391693371025192,1.37158645134195,158.291210837052,-6.06356989794003
5.07815211232767,0.400821758246644,1.37917522519982,157.658193454663,-6.34271686240472
5.12518692705333,0.410129276098356,1.38684758981095,157.0157790165,-6.63102616101448
5.17265738721602,0.419617541650102,1.39460064247443,156.363928083781,-6.92866389510695
5.22056752784697,0.42928806954157,1.40243124577565,155.702602252928,-7.23579413255078
5.26892142135067,0.439142263475346,1.41033602014718,155.031764285943,-7.55257867055055
5.31772317785097,0.449181407358241,1.41831133650208,154.351378248714,-7.87917679320703
5.36697694554048,0.459406656091828,1.42635330896917,153.661409657522,-8.21574502381473
5.41668691103315,0.469819026015016,1.43445778776273,152.96182563401,-8.56243687187423
5.46685729972018,0.480419385003687,1.44262035222209,152.252595068839,-8.9194025747977
5.51749237612913,0.491208442234794,1.4508363040592,151.533688794278,-9.2867888342868
5.56859644428641,0.502186737624958,1.45910066085596,150.805079765909,-9.66473854736833
5.62017384808319,0.513354630956596,1.46740814985583,150.066743253634,-10.0533905320811
5.67222897164454,0.524712290707678,1.47575320209796,149.318657042129,-10.4528792478198
5.72476623970218,0.536259682604774,1.4841299469454,148.56080164084,-10.8633345103602
5.7777901179705,0.547996557922723,1.49253220706231,147.793160503609,-11.2848812016096
5.83130511352622,0.559922441558287,1.50095349389879,147.015720257936,-11.7176389741561
5.88531577519145,0.572036619909469,1.50938700374541,146.228470943853,-12.1617219507216
5.93982669392036,0.584338128596723,1.51782561442269,145.431406262324,-12.6172384186637
5.99484250318941,0.596825740067084,1.52626188267456,144.624523833013,-13.084290519717
6.05036787939122,0.609497951127416,1.53468804233764,143.807825461207,-13.5629739352161
6.10640754223204,0.622352970458153,1.54309600336127,142.981317413581,-14.0533775671023
6.16296625513294,0.635388706164526,1.55147735175597,142.145010702438,-14.555583215085
6.22004882563471,0.648602753427855,1.55982335055024,141.298921377935,-15.0696652503984
6.2776601058065,0.66199238232531,1.56812494183765,140.443070827734,-15.5956902866792
6.33580499265825,0.675554525892389,1.5763727499974,139.577486083404,-16.1337168485778
6.39448842855694,0.689285768508247,1.58455708617253,138.702200132778,-16.6837950388115
6.4537154016467,0.703182334689807,1.59266795409001,137.817252237387,-17.2459662044706
6.5134909462728,0.717240078386292,1.60069505730619,136.922688253934,-17.8202626034954
6.57382014340959,0.731454472871263,1.60862780795977,136.018560958665,-18.4067070723574
6.63470812109235,0.745820601334426,1.61645533711172,135.104930373382,-19.005312696096
6.69616005485322,0.760333148280203,1.6241665067481,134.181864091663,-19.6160824819834
6.75818116816111,0.774986391844254,1.63174992351711,133.249437603781,-20.2390090382161
6.82077673286568,0.789774197142744,1.63919395426533,132.307734618633,-20.874074259156
6.8839520696455,0.80469001077192,1.64648674343133,131.356847380885,-21.5212490187715
6.94771254846024,0.819726856577421,1.65361623234547,130.396876981402,-22.1804928740496
7.01206358900718,0.834877332813676,1.66057018047507,129.4279336589,-22.8517537802714
7.07701066118189,0.850133610813365,1.66733618864215,128.450137090667,-23.5349678201552
7.14255928554313,0.865487435285331,1.67390172422775,127.463616670059,-24.2300589489763
7.20871503378214,0.880930126356332,1.68025414836234,126.46851176841,-24.9369387578674
7.27548352919623,0.896452583467387,1.68638074508535,125.46497197889,-25.655506257583
7.34287044716676,0.912045291229328,1.69226875243972,124.453157339807,-26.3856476850758
7.41088151564157,0.927698327334158,1.69790539544788,123.433238534768,-27.1272363352832
7.47952251562182,0.943401372609109,1.70327792089614,122.405397067133,-27.8801324205412
7.54879928165344,0.95914372328871,1.70837363383283,121.369825406151,-28.6441829600542
7.618717702323,0.974914305566671,1.71317993566397,120.326727102226,-29.4192217018159
7.68928372075831,0.990701692474175,1.71768436370764,119.276316868804,-30.2050690793364
7.76050333513357,1.00649412311399,1.72187463204534,118.218820628443,-31.0015322054391
7.8323825991792,1.02227952426109,1.72573867348611,117.15447552078,-31.8084049052867
7.90492762269642,1.03804553432012,1.7292646824365,116.08352987021,-32.6254677906484
7.97814457207662,1.05377952960813,1.73244115844796,115.006243111317,-33.4524883772413
8.05203967082547,1.06946865290829,1.73525695019265,113.922885670291,-34.2892212467689
8.12661920009194,1.08509984421612,1.73770129959946,112.833738800819,-35.1354082550373
8.2018894992022,1.10065987357548,1.73976388586523,111.73909437322,-35.9907787872483
8.27785696619848,1.11613537587661,1.7414348690411,110.639254615917,-36.8550500612668
8.35452805838287,1.1315128874637,1.74270493288208,109.534531808649,-37.727927479322
8.43190929286625,1.14677888437529,1.74356532663906,108.425247927249,-38.609105028241
8.51000724712225,1.16191982201718,1.744007905467,107.311734240125,-39.4982657279323
8.58882855954625,1.17692217604541,1.7440251691214,106.194330857073,-40.3950821274374
8.66837993001978,1.19177248421648,1.74361029861758,105.073386231388,-41.2992168474539
8.74866812047991,1.2064573889434,1.74275719053368,103.949256616727,-42.2103231678171
8.82969995549409,1.22096368028073,1.74146048864952,102.822305480569,-43.1280456580029
8.9114823228402,1.23527833904821,1.739715612628,101.692902876556,-44.0520208482999
8.99402217409204,1.24938857979362,1.7375187834659,100.561424778401,-44.9818779388914
9.07732652521023,1.26328189328854,1.73486704546384,99.4282523784549,-45.917239543701
9.16140245713852,1.27694608824871,1.73175828449307,98.2937713543785,-46.8577224654866
9.24625711640574,1.29036933197169,1.72819124236748,97.1583711077255,-47.8029384983371
9.33189771573324,1.30354018959,1.7241655271635,96.0224439785356,-48.7524952534192
9.41833153464795,1.31644766164713,1.71968161936751,94.8863844403025,-49.7059970035682
9.5055659201012,1.32908121971681,1.71474087376903,93.7505882799082,-50.6630455420965
9.59360828709314,1.34143083980298,1.70934551705895,92.6154517672773,-51.6232410510307
9.68246611930312,1.35348703327794,1.70349864113306,91.4813708196286,-52.5861829738744
9.77214696972572,1.36524087513995,1.69720419214311,90.3487401652611,-53.5514708879338
9.86265846131282,1.37668402939772,1.6904669553786,89.217952511821,-54.5187053712395
9.95400828762152,1.38780877141777,1.68329253610289,88.0893977239493,-55.4874888591495
10.0462042134681,1.39860800710158,1.67568733650525,86.9634620151039,-56.4574264858245
10.1392540755882,1.40907528879119,1.66765852896692,85.8405271581967,-57.4281269059288
10.2331657833025,1.4192048278348,1.65921402587187,84.7209697194796,-58.3992030921135
10.3279473191895,1.42899150377722,1.65036244622302,83.6051603198584,-59.3702731040999
10.423606739764,1.43843087017301,1.64111307935057,82.4934629275223,-60.3409608254779
10.5201521761616,1.44751915705214,1.63147584602048,81.3862341854411,-61.3108966646652
10.61759183483,1.45625327009951,1.62146125726909,80.2838227769207,-62.2797182168426
10.7159339982267,1.46463078663857,1.61108037130232,79.1865688320182,-63.2470708840737
10.8151870255229,1.47264994853681,1.60034474880635,78.0948033772091,-64.2126084512192
10.9153593533139,1.48030965217585,1.58926640702058,77.0088478302799,-65.1759936156893
11.0164594963366,1.48760943565068,1.57785777292269,75.9290135419891,-66.1368984694993
11.1184960481927,1.49454946338222,1.56613163587119,74.8556013856165,-67.0950049325249
11.2214776820798,1.5011305083432,1.55410110004167,73.7889013950928,-68.0500051362793
11.3254131515281,1.5073539321106,1.54177953698092,72.7291924519976,-69.0016017579423
11.4303112911448,1.51322166296748,1.52918053858709,71.6767420213126,-69.9495083047708
11.5361810173648,1.51873617228367,1.51631787080596,70.6318059354482,-70.893449349393
11.6430313292088,1.52390044940855,1.5032054283123,69.5946282257086,-71.8331607168411
11.7508713090481,1.52871797530944,1.48985719042279,68.5654410000388,-72.7683896244998
11.8597101233767,1.53319269518748,1.4762871784625,67.5444643656081,-73.6988947764368
11.9695570235904,1.53732899029775,1.46250941478204,66.5319063945193,-74.62444641385
12.0804213467733,1.54113164919397,1.44853788359646,65.5279631307121,-75.5448263235848
12.1923125164911,1.54460583860899,1.43438649379106,64.5328186359323,-76.4598278068742
12.3052400435926,1.54775707417166,1.42006904381362,63.5466450724782,-77.3692556106114
12.4192135270178,1.55059119114887,1.40559918874739,62.5696028203146,-78.272925823593
12.534242654614,1.55311431538819,1.39099040963458,61.6018406260452,-79.17066574026
12.650337203959,1.55533283462246,1.37625598509718,60.6434957811748,-80.0623136945382
12.7675070431927,1.55725337028334,1.36140896527991,59.6946943270577,-80.9477188663959
12.8857621318552,1.55888274995545,1.34646214811964,58.7555512839197,-81.8267410637654
13.0051125217341,1.56022798058797,1.3314280579271,57.8261709013617,-82.6992504824383
13.1255683577184,1.56129622256529,1.31631892624936,56.9066469277919,-83.5651274465156
13.2471398786612,1.56209476472377,1.30114667496669,55.9970628962915,-84.4242621319309
13.3698374182495,1.56263100038718,1.28592290156375,55.0974924244993,-85.2765542754855
13.4936714058831,1.56291240447989,1.27065886650349,54.2079995261892,-86.1219128717453
13.6186523675608,1.5629465117636,1.25536548262243,53.3286389323221,-86.9602558600425
13.7447909267754,1.56274089623138,1.24005330645761,52.4594564194663,-87.7915098037108
13.8720978054162,1.56230315168125,1.22473253140926,51.6004891436028,-88.6156095635612
14.000583824681,1.56164087348102,1.2094129826379,50.7517659774605,-89.4324979674765
14.1302599059953,1.56076164152669,1.19410411359143,49.9133078496568,-90.2421254778707
14.2611370719413,1.55967300438785,1.17881500405523,49.0851280840547,-91.044449858626
14.3932264471941,1.55838246462594,1.16355435961729,48.2672327378772,-91.8394358429858
14.5265392594678,1.55689746526446,1.14833051244062,47.4596209372594,-92.6270548037488
14.6610868404698,1.55522537738423,1.13315142323587,46.6622852090389,-93.4072844269786
14.796880626864,1.55337348881182,1.11802468432912,45.8752118077248,-94.1801083903149
14.9339321612425,1.55134899386499,1.10295752372235,45.0983810366961,-94.945516046851
15.0722530931076,1.54915898411553,1.08795681004706,44.3317675628076,-95.7035021154223
15.211855179861,1.54681044012717,1.07302905831537,43.5753407236873,-96.4540663780379
15.3527502878042,1.54431022412395,1.05818043637682,42.8290648271179,-97.1972133850829
15.4949503931463,1.54166507354326,1.04341677199362,42.0928994419958,-97.9329521688161
15.6384675830225,1.53888159542634,1.02874356045148,41.3667996804518,-98.6612959655942
15.7833140565212,1.53596626159896,1.01416597262818,40.6507164708057,-99.3822619471705
15.9295021257212,1.53292540459474,0.999688863446682,39.9445968211059,-100.095870961329
16.0770442167382,1.52976521427386,0.985316780644504,39.2483840730798,-100.802147282049
16.2259528707809,1.52649173509076,0.971053973796082,38.5620181463865,-101.501118369318
16.3762407452169,1.52311086396514,0.956904403529426,37.8854357731222,-102.192814638661
16.527920614649,1.51962834871187,0.942871750883276,37.2185707225863,-102.877269240396
16.6810053720006,1.5160497869868,0.928959426755403,36.5613540163626,-103.554517848559
16.835508029612,1.51238062570695,0.915170581397147,35.9137141338118,-104.224598459437
16.9914417203463,1.50862616090517,0.901508113913556,35.2755772081125,-104.887551199566
17.1488196987054,1.50479153798124,0.887974681732457,34.6468672130164,-105.543418143053
17.3076553419573,1.500881752313,0.874572710009677,34.0275061405163,-106.19224313802
17.4679621512725,1.49690165019317,0.861304400941242,33.4174141696449,-106.834071641978
17.6297537528721,1.49285593005929,0.848171742956754,32.8165098266442,-107.46895056589
17.7930438991858,1.48874914398599,0.835176519771394,32.2247101367627,-108.096928126677
17.957846470021,1.48458569941086,0.822320319276907,31.6419307679492,-108.718053707916
18.1241754737424,1.480369861067,0.809604542254731,31.0680861667211,-109.332377728441
18.2920450484629,1.47610575309682,0.797030410896947,30.5030896864946,-109.939951518589
18.4614694632455,1.47179736132395,0.784598977123085,29.9468537086666,-110.540827203787
18.6324631193156,1.4674485356613,0.772311130682984,29.3992897567435,-111.135057595213
18.8050405512858,1.46306299263527,0.760167607037843,28.8603086038091,-111.722696087221
18.979216428391,1.45864431800742,0.748168995013403,28.3298203736254,-112.303796561258
19.1550055557353,1.45419596947675,0.736315744220831,27.8077346356593,-112.878413295981
19.3324228755505,1.44972127944668,0.724608172242264,27.293960494316,-113.44660088329
19.5114834684662,1.4452234578427,0.713046471579403,26.7884066726671,-114.008414150002
19.6922025547917,1.4407055949674,0.701630716364586,26.2909815909452,-114.563908084884
19.8745954958098,1.43617066438122,0.690360868834874,25.8015934400748,-115.113137770797
20.0586777950823,1.43162152579818,0.67923678557063,25.3201502505019,-115.656158321666
20.244465099768,1.42706092798686,0.668258223500755,24.8465599565743,-116.193024824044
20.4319732019527,1.42249151166795,0.65742484567761,24.3807304567193,-116.723792283014
20.6212180399914,1.41791581240078,0.646736226825102,23.9225696696539,-117.248515572196
20.8122156998634,1.41333626345163,0.636191858664048,23.4719855868565,-117.767249387635
21.0049824165392,1.40875519863793,0.625791155019292,23.0288863215174,-118.280048205335
21.1995345753607,1.40417485514283,0.615533456713472,22.5931801541777,-118.786966242249
21.3958887134342,1.39959737629543,0.605418036252578,22.1647755752571,-119.288057420505
21.5940615210357,1.39502481431258,0.595444102308761,21.7435813246618,-119.783375334687
21.7940698430296,1.39045913299867,0.585610804005957,21.3295064286533,-120.272973221974
21.9959306803007,1.38590221040036,0.575917235014099,20.9224602341527,-120.756903934971
22.1996611911995,1.38135584141378,0.566362437457747,20.522352440644,-121.235219917057
22.4052786930002,1.37682174034195,0.556945405645058,20.1290931298314,-121.707973180091
22.6128006633728,1.37230154340078,0.547665089623014,19.7425927932004,-122.175215284328
22.822244741869,1.36779681117218,0.538520398564857,19.3627623576187,-122.636997320389
23.0336287314213,1.36330903100334,0.529510203995625,18.9895132091112,-123.093369893165
23.2469705998565,1.35883961935126,0.520633342861646,18.6227572149308,-123.544383107511
23.4622884814226,1.35438992407207,0.511888620449781,18.2624067440432,-123.990086555612
23.6796006783308,1.34996122665495,0.503274813162116,17.9083746861332,-124.430529305902
23.8989256623105,1.34555474440033,0.494790671151686,17.5605744692368,-124.865759893441
24.1202820761801,1.34117163254279,0.486434920824758,17.2189200760944,-125.295826311618
24.3436887354311,1.33681298631861,0.478206267214973,16.8833260593148,-125.720776005115
24.5691646298279,1.3324798429786,0.470103396234661,16.5537075554346,-126.140655864016
24.7967289250216,1.32817318374667,0.462124976808357,16.2299802979509,-126.555512218984
25.0264009641792,1.32389393572466,0.454269662893527,15.9120606294002,-126.965390837431
25.2582002696278,1.31964297374444,0.446536095393279,15.5998655125513,-127.370336920589
25.4921465445142,1.31542112216773,0.438922903965755,15.2933125407765,-127.770395101428
25.7282596744793,1.31122915663486,0.431428708734689,14.992319947656,-128.165609443345
25.9665597293487,1.30706780576318,0.424052121905526,14.6968066158748,-128.556023439553
26.2070669648385,1.30293775279618,0.416791749291298,14.4066920854567,-128.941680013133
26.4498018242772,1.2988396372043,0.409646191752327,14.1218965613857,-129.322621517676
26.6947849403432,1.29477405623861,0.40261404655369,13.8423409206546,-129.698889738465
26.9420371368188,1.29074156643819,0.395693908644201,13.5679467187813,-130.070525894165
27.1915794303602,1.28674268509258,0.388884371860553,13.2986361958285,-130.437570638947
27.4434330322837,1.28277789166009,0.382184030060114,13.034332281959,-130.800064065039
27.6976193503689,1.27884762914338,0.375591478185721,12.7749586025571,-131.15804570564
27.9541599906786,1.27495230542314,0.369105313265696,12.5204394829448,-131.511554538165
28.2130767593947,1.27109229455116,0.362724135352178,12.2706999527146,-131.860628987799
28.4743916646725,1.26726793800378,0.356446548400725,12.0256657497059,-132.205306931316
28.7381269185107,1.26347954589681,0.350271161094029,11.7852633236424,-132.545625701139
29.0043049386399,1.259727398163,0.344196587612455,11.5494198394499,-132.881622089615
29.2729483504282,1.25601174569315,0.33822144835402,11.3180631802735,-133.213332353478
29.5440799888038,1.2523328114418,0.332344370606281,11.0911219502062,-133.540792218478
29.8177229001967,1.24869079149859,0.326563989172535,10.8685254767448,-133.864036884152
30.0939003444972,1.24508585612628,0.320878946954592,10.6502038129854,-134.183101028725
30.3726357970331,1.24151815076636,0.315287895494302,10.4360877395682,-134.498018814109
30.6539529505653,1.23798779701328,0.309789495475921,10.2261087663827,-134.808823890997
30.9378757173014,1.23449489355812,0.304382417191285,10.0201991340413,-135.115549404032
31.2244282309286,1.23103951710271,0.299065340969706,9.8182918151301,-135.418227997028
31.5136348486648,1.22762172324503,0.293836957574391,9.62032051524203,-135.716891818246
31.8055201533292,1.22424154733678,0.288695968567103,9.42621967380072,-136.011572525696
32.1001089554317,1.22089900531392,0.283641086642726,9.23592446467889,-136.302301292471
32.397426295282,1.21759409450101,0.278671035935288,9.04937079661633,-136.589108812085
32.6974974451177,1.21432679439018,0.273784552296963,8.86649531344231,-136.872025303822
33.0003479112529,1.21109706739541,0.268980383551448,8.68723539410584,-137.151080518076
33.3060034362459,1.20790485958296,0.2642572897231,8.5115291525167,-137.42630374168
33.6144900010877,1.20475010137859,0.259614043243133,8.33931543720098,-137.69772380322
33.9258338274099,1.2016327082523,0.255049429134078,8.17053383077284,-137.965369078312
34.2400613797143,1.19855258138134,0.250562245173725,8.00512464922573,-138.229267494863
34.5571993676214,1.19550960829197,0.246151302039636,7.84302894104449,-138.489446538284
34.8772747481418,1.19250366348079,0.241815423435315,7.68418848614086,-138.745933256669
35.2003147279668,1.18953460901613,0.237553446199034,7.52854579461346,-138.998754265921
35.5263467657814,1.1866022951202,0.233364220396305,7.37604410533512,-139.24793575484
35.8553985745982,1.18370656073243,0.229246609396893,7.22662738436762,-139.493503490153
36.1874981241128,1.18084723405473,0.225199489937274,7.08024032320695,-139.735482821485
36.5226736430818,1.17802413307903,0.221221752169338,6.93682833685967,-139.973898686283
36.8609536217216,1.17523706609782,0.217312299696162,6.79633756175194,-140.208775614674
37.2023668141307,1.17248583219801,0.213470049595595,6.65871485347375,-140.440137734258
37.5469422407334,1.1697702217387,0.209693932432361,6.52390778435858,-140.668008774851
37.8947091907467,1.16709001681327,0.205982892259389,6.39186464090141,-140.892412073148
38.24569722467,1.16444499169639,0.202335886608984,6.26253442101614,-141.113370577334
38.5999361767977,1.16183491327616,0.198751886474494,6.13586683113412,-141.330906851619
38.957456157755,1.15925954147204,0.195229876283027,6.01181228314669,-141.545043080713
39.3182875570577,1.15671862963878,0.1917688538598,5.89032189119245,-141.755801074229
39.6824610456948,1.15421192495694,0.188367830384627,5.77134746829271,-141.963202271023
40.0500075787361,1.15173916881028,0.185025830341075,5.6548415228361,-142.167267743458
40.4209583979631,1.14930009715034,0.181741891458737,5.54075725491579,-142.368018201614
40.7953450345245,1.14689444084876,0.178515064649108,5.42904855252125,-142.565473997414
41.1731993116168,1.14452192603751,0.175344413935465,5.31966998758743,-142.759655128692
41.5545533471888,1.14218227443749,0.172229016377187,5.21257681190385,-142.950581243196
41.9394395566719,1.13987520367573,0.169167961988882,5.1077249528867,-143.138271642517
42.3278906557355,1.13760042759161,0.166160353654708,5.00507100921681,-143.322745285954
42.7199396630678,1.13535765653242,0.163205307038223,4.90457224634659,-143.504020794318
43.1156199031823,1.13314659763838,0.160301950488114,4.80618659187969,-143.682116453665
43.5149650092505,1.1309669551177,0.157449424940104,4.70987263082533,-143.857050218967
43.9180089259609,1.1288184305117,0.154646883815343,4.61558960073249,-144.028839717722
44.324785912404,1.12670072295046,0.151893492915573,4.52329738670625,-144.197502253497
44.7353305449847,1.12461352939914,0.149188430315324,4.43295651631045,-144.363054809411
45.149677720361,1.12255654489529,0.146530886251405,4.34452815436008,-144.525514051562
45.5678626584106,1.12052946277743,0.143920063009932,4.25797409760778,-144.684896332382
45.9899209052244,1.11853197490511,0.141355174811113,4.17325676932732,-144.841217693949
46.4158883361278,1.11656377187062,0.138835447692018,4.09033921379932,-144.99449387123
46.8458011587305,1.11462454320279,0.136360119387532,4.00918509070195,-145.144740295267
47.2796959160039,1.11271397756284,0.133928439209692,3.92975866941177,-145.291972096319
47.7176094893875,1.11083176293275,0.131539667925583,3.85202482321765,-145.436204106934
48.1595791019235,1.10897758679621,0.129193077633972,3.77594902345337,-145.577450864977
48.6056423214213,1.10715113631237,0.126887951640853,3.70149733355155,-145.715726616605
49.0558370636505,1.10535209848269,0.124623584334036,3.62863640302445,-145.851045319189
49.5102015955635,1.10358016031099,0.122399281056956,3.55733346137502,-145.983420644185
49.9687745385488,1.10183500895696,0.120214357981815,3.48755631194259,-146.112865979959
50.4315948717136,1.10011633188328,0.118068141982208,3.41927332568793,-146.239394434562
50.8987019351968,1.09842381699651,0.115959970505334,3.35245343492121,-146.363018838461
51.3701354335134,1.09675715278206,0.11388919144394,3.28706612697767,-146.483751747218
51.8459354389291,1.09511602843321,0.111855163008079,3.22308143784488,-146.601605444136
52.3261423948666,1.09350013397455,0.109857253596795,3.16046994574583,-146.716591942852
52.8107971193433,1.09190916037989,0.10789484166984,3.0992027646823,-146.82872298989
53.2999408084409,1.09034279968482,0.105967315619511,3.0392515379422,-146.938010067181
53.793615039807,1.08880074509411,0.104074073642677,2.98058843157537,-147.044464394529
54.2918617761894,1.08728269108408,0.102214523613111,2.92318612784135,-147.148096932056
54.7947233690029,1.08578833350012,0.100388082954165,2.86701781863413,-147.248918382594
55.302242561929,1.08431736964944,0.0985941785118857,2.81205719888629,-147.346939194049
55.8144624945496,1.08286949838926,0.0968322464286294,2.75827845995812,-147.442169561731
56.3314267060136,1.08144442021062,0.0951017320172334,2.70565628301411,-147.534619430647
56.8531791387375,1.08004183731778,0.0934020896358123,2.65416583239146,-147.624298497761
57.3797641421413,1.07866145370354,0.0917327825632233,2.60378274896367,-147.711216214223
57.9112264764176,1.07730297522044,0.0900932828752611,2.55448314350336,-147.795381787573
58.4476113163363,1.07596610964818,0.0884830713216211,2.50624359004742,-147.876804183905
58.988964255085,1.0746505667571,0.086901637203682,2.45904111926831,-147.955492130014
59.5353313081437,1.07335605836808,0.0853484782531441,2.41285321185411,-148.031454115507
60.0867589171969,1.07208229840891,0.083823100511562,2.36765779190181,-148.104698394894
60.6432939540806,1.07082900296717,0.0823250182108089,2.3234332203258,-148.175232989652
61.204983724767,1.06959589033984,0.0808537536545019,2.28015828828515,-148.243065690267
61.7718759733849,1.06838268107966,0.0794088371004202,2.23781221063324,-148.308204058249
62.3440188862786,1.06718909803843,0.0779898066439431,2.19637461939127,-148.370655428128
62.9214610961034,1.0660148664073,0.0765962081025298,2.1558255572499,-148.430426909436
63.5042516859596,1.06485971375414,0.07522759490127,2.11614547110083,-148.487525388656
64.0924401935645,1.06372337005814,0.0738835279595195,2.0773152056012,-148.541957531165
64.6860766154633,1.06260556774173,0.0725635755786435,2.03931599677331,-148.593729783157
65.2852114112785,1.06150604169985,0.0712673133308843,2.00212946564198,-148.642848373541
65.8898955079995,1.06042452932674,0.0699943239493645,1.9657376119124,-148.68931931584
66.5001803043112,1.05936077054029,0.0687441972192453,1.9301228076896,-148.733148410063
67.1161176749628,1.05831450780411,0.0675165298700471,1.89526779124284,-148.774341244569
67.7377599751775,1.05728548614726,0.0663109254691429,1.86115566081611,-148.812903197918
68.3651600451024,1.05627345318187,0.0651269943164379,1.82776986848714,-148.848839440716
68.9983712143002,1.0552781591187,0.063964353340235,1.79509421407675,-148.882154937443
69.6374473062822,1.05429935678064,0.0628226259943004,1.76311283910954,-148.912854448277
70.2824426430835,1.05333680161428,0.0617014421561293,1.73181022082904,-148.940942530912
70.93341204988,1.05239025169971,0.0606004380264166,1.70117116626705,-148.966423542365
71.5904108596489,1.0514594677584,0.0595192560297376,1.67118080637049,-148.98930164078
72.2534949178721,1.0505442131595,0.0584575447164364,1.64182459018534,-149.009580787232
72.9227205872831,1.04964425392443,0.0574149586657266,1.61308827910059,-149.027264747517
73.5981447526576,1.04875935872987,0.0563911583900029,1.58495794115212,-149.042357093954
74.2798248256492,1.04788929890932,0.0553858102403618,1.55741994538843,-149.054861207176
74.9678187496688,1.04703384845312,0.0543985863133304,1.53046095629879,-149.064780277922
75.6621850048106,1.04619278400719,0.0534291643588013,1.50406792830527,-149.072117308837
76.3629826128224,1.0453658848703,0.0524772276891691,1.47822810031869,-149.076875116265
77.070271142123,1.04455293299022,0.0515424650896661,1.45292899036009,-149.079056332056
77.7841107128649,1.04375371295855,0.0506245707298914,1.42815839024826,-149.078663405367
78.5045620020451,1.04296801200444,0.0497232440765295,1.40390436035357,-149.075698604474
79.2316862486625,1.04219561998719,0.0488381898072512,1.38015522441886,-149.070164018595
79.9655452589235,1.04143632938782,0.0479691177257924,1.35689956444856,-149.06206155971
80.7062014114951,1.04068993529958,0.0471157426782031,1.33412621566512,-149.051392964403
81.4537176628074,1.03995623541754,0.0462777844702597,1.31182426153442,-149.038159795701
82.2081575524054,1.03923503002731,0.045454967786033,1.28998302885967,-149.022363444937
82.9695852083491,1.03852612199281,0.0446470221076042,1.26859208294464,-149.004005133616
83.7380653526649,1.03782931674326,0.0438536816359212,1.24764122282552,-148.9830859153
84.5136633068472,1.03714442225945,0.0430746852127849,1.22712047657257,-148.959606677504
85.2964449974102,1.03647124905914,0.0423097762439593,1.20702009666097,-148.933568143614
86.0864769614925,1.0358096101819,0.0415587026233928,1.18733055541106,-148.904970874814
86.8838263525118,1.03515932117322,0.0408212166585445,1.16804254049789,-148.873815272037
87.6885609458743,1.034520200068,0.040097074996804,1.14914695053025,-148.840101577939
88.5007491447344,1.03389206737348,0.0393860385529949,1.13063489069856,-148.80382987888
89.3204599858097,1.03327474605159,0.0386878724379533,1.1124976684921,-148.765000106944
90.1477631452492,1.03266806150082,0.038002345888168,1.0947267894846,-148.723612041972
90.9827289445556,1.03207184153759,0.037329232196476,1.07731395318875,-148.679665313619
91.8254283565628,1.03148591637715,0.0366683086437992,1.06025104897864,-148.633159403443
92.6759330114688,1.03091011861406,0.0360193564319133,1.04353015208003,-148.584093647018
93.5343152029239,1.03034428320234,0.0353821606172384,1.02714351962855,-148.532467236071
94.400647894176,1.02978824743515,0.0347565100456379,1.0110835867944,-148.478279220655
95.2750047242729,1.02924185092422,0.0341421972882183,0.995342962974345,-148.421528511348
96.157460014321,1.02870493557894,0.0335390185781161,0.979914428049386,-148.362213881489
97.0480887738031,1.02817734558513,0.0329467737482608,0.964790928708431,-148.300333969442
97.946966706954,1.02765892738361,0.0323652661701049,0.9499655748372,-148.235887280897
98.8541702191957,1.02714952964851,0.0317943026933057,0.935431635971569,-148.168872191207
99.769776423632,1.02664900326531,0.0312336935863528,0.921182537815243,-148.099286947764
100.693863147603,1.02615720130878,0.0306832524781248,0.907211858820585,-148.027129672409
101.6265089393,1.02567397902067,0.0301427963003671,0.893513326832902,-147.952398363887
102.567793074442,1.02519919378728,0.029612145231079,0.880080815796202,-147.87509090034
103.517795563018,1.02473270511692,0.0290911226387972,0.866908342521246,-147.795205041845
104.47659715608,1.02427437461718,0.0285795550277663,0.853990063514302,-147.712738432991
105.444279352617,1.02382406597218,0.0280772719839832,0.841320271865852,-147.62768860551
106.420924406472,1.02338164491972,0.0275841061221065,0.828893394199447,-147.540052980946
107.406615333343,1.02294697922831,0.0270998930332164,0.816703987679035,-147.449828873379
108.401435917833,1.02251993867423,0.026624471233417,0.804746737074351,-147.357013492191
109.405470720574,1.0221003950185,0.0261576821132671,0.793016451884221,-147.261603944891
110.418805085416,1.02168822198389,0.0256993698880313,0.781508063515993,-147.163597239987
111.441525146679,1.02128329523184,0.0252493815487374,0.770216622521258,-147.062990289913
112.473717836475,1.02088549233943,0.0248075668140309,0.759137295886519,-146.959779914012
113.5154708921,1.02049469277642,0.0243737780828152,0.748265364378684,-146.853962841575
114.566872863487,1.02011077788223,0.0239478703876662,0.737596219943718,-146.745535714933
115.628013120738,1.01973363084301,0.0235297013490114,0.727125363158544,-146.634495092618
116.698981861715,1.01936313666879,0.0231191311300612,0.716848400735041,-146.520837452578
117.779870119712,1.01899918217061,0.0227160223924838,0.706761043075243,-146.404559195454
118.87076977119,1.01864165593783,0.0223202402528114,0.696859101877268,-146.285656647921
119.971773543588,1.01829044831542,0.0219316522395676,0.687138487790974,-146.164126066096
121.082975023204,1.01794545138144,0.021550128251106,0.677595208122817,-146.039963639011
122.204468663149,1.01760655892451,0.02117554051415,0.668225364588651,-145.913165492153
123.336349791378,1.01727366642151,0.0208077635430219,0.659025151114358,-145.78372769107
124.478714618791,1.01694667101529,0.0204466740995529,0.649990851682848,-145.651646245054
125.631660247412,1.01662547149255,0.0200921511536634,0.641118838227405,-145.516917110892
126.795284678643,1.01630996826188,0.019744075844603,0.632405568569776,-145.379536196685
127.969686821594,1.01600006333184,0.0194023314428414,0.623847584402936,-145.239499365754
129.154966501488,1.0156956602893,0.0190668033125996,0.615441509317565,-145.096802440605
130.351224468151,1.01539666427784,0.018737378875012,0.607184046870967,-144.951441206986
131.55856240457,1.01510298197633,0.0184139475719097,0.599071978698739,-144.803411418011
132.777082935543,1.01481452157766,0.0180964008302167,0.591102162667454,-144.652708798372
134.006889636395,1.01453119276767,0.0177846320269471,0.583271531067848,-144.499329048622
135.248087041788,1.0142529067042,0.0174785364547972,0.575577088848471,-144.34326784955
136.500780654601,1.01397957599629,0.0171780112883202,0.568015911887905,-144.184520866633
137.765076954905,1.01371111468365,0.0168829555506772,0.560585145305919,-144.023083754568
139.041083409007,1.01344743821623,0.0165932700809539,0.553282001811966,-143.858952161901
140.328908478587,1.01318846343395,0.0163088575020347,0.546103760090995,-143.69212173573
141.62866162992,1.01293410854668,0.0160296221890254,0.539047763225636,-143.522588126502
142.940453343176,1.01268429311438,0.0157554702382155,0.532111417153556,-143.350346992896
144.264395121816,1.01243893802743,0.0154863094365731,0.525292189160439,-143.175394006797
145.600599502065,1.01219796548711,0.0152220492317613,0.518587606406697,-142.997724858356
146.949180062482,1.01196129898635,0.0149626007026707,0.51199525448798,-142.817335261143
148.31025143361,1.01172886329062,0.0147078765304578,0.505512776028558,-142.634220957394
149.683929307726,1.01150058441901,0.0144577909700817,0.499137869307111,-142.448377723346
151.070330448665,1.01127638962555,0.0142122598223322,0.492868286913983,-142.25980137467
152.469572701757,1.0110562073807,0.013971200406339,0.486701834439618,-142.068487771989
153.881775003835,1.01083996735305,0.0137345315325576,0.480636369193028,-141.874432826499
155.307057393346,1.0106276003912,0.0135021734762204,0.474669798950435,-141.677632505683
156.74554102056,1.01041903850587,0.013274047951249,0.468800080732716,-141.478082839115
158.19734815786,1.01021421485222,0.0130500780846175,0.463025219611447,-141.275779924362
159.662602210143,1.0100130637123,0.012830188391161,0.457343267543043,-141.070719932984
161.141427725302,1.00981552047782,0.012614304748822,0.451752322230065,-140.862899116626
162.633950404819,1.00962152163301,0.0124023543743259,0.446250526009348,-140.652313813208
164.140297114447,1.00943100473775,0.0121942657992812,0.440836064766292,-140.43896045321
165.660595894991,1.00924390841089,0.0119899688466948,0.435507166874995,-140.222835566051
167.194975973199,1.00906017231378,0.0117893946078975,0.430262102163224,-140.003935786565
168.743567772738,1.00887973713395,0.011592475419872,0.425099180902224,-139.782257861572
170.306502925284,1.00870254456906,0.0113991448429765,0.420016752820232,-139.557798656546
171.883914281715,1.00852853731104,0.011209337639058,0.415013206139662,-139.330555162366
173.475935923393,1.00835765903038,0.011022989749949,0.410086966637496,-139.100524502179
175.082703173572,1.00818985436069,0.0108400382763398,0.405236496727801,-138.867703938335
176.704352608895,1.0080250688834,0.0106604214570219,0.400460294566499,-138.63209087943
178.341022071001,1.00786324911269,0.0104840786484954,0.395756893177348,-138.393682887429
179.992850678248,1.00770434248063,0.0103109503049337,0.39112485959955,-138.152477684885
181.659978837533,1.00754829732249,0.0101409779585011,0.386562794055012,-137.90847316224
183.342548256229,1.00739506286223,0.00997410420001578,0.382069329136714,-137.661667385216
185.04070195423,1.00724458919826,0.00981027265995346,0.377643129015964,-137.412058602292
186.754584276108,1.00709682728931,0.00964942798978528,0.373282888669245,-137.15964525226
188.48434090338,1.00695172894051,0.00949151584364448,0.368987333123579,-136.904425971866
190.230118866894,1.00680924678972,0.00933648286031671,0.364755216720681,-136.646399603525
191.992066559328,1.006669334294,0.00918427664554759,0.360585322398351,-136.385565203119
193.770333747799,1.00653194571622,0.00903484575466321,0.356476460990143,-136.121922047864
195.565071586595,1.00639703611198,0.00888813967549726,0.352427470541674,-135.85546964425
197.376432630026,1.00626456131662,0.00874410881162026,0.348437215643522,-135.58620773605
199.204570845387,1.00613447793243,0.00860270446586538,0.34450458678107,-135.314136312396
201.04964162605,1.00600674331608,0.00846387882414601,0.340628499699662,-135.039255615916
202.911801804668,1.00588131556616,0.00832758493955982,0.336807894785753,-134.761566150929
204.791209666509,1.00575815351099,0.00819377671677455,0.333041736463206,-134.481068691695
206.688024962908,1.00563721669655,0.00806240889669094,0.329329012604053,-134.197764290724
208.60240892485,1.00551846537457,0.00793343704137743,0.325668733954569,-133.911654287122
210.534524276671,1.00540186049085,0.00780681751927265,0.322059933574735,-133.622740314989
212.484535249888,1.0052873636737,0.00768250749065067,0.318501666291939,-133.33102431185
214.452607597167,1.0051749372226,0.00756046489334442,0.314993008168279,-133.036508527127
216.438908606402,1.00506454409698,0.00744064842872318,0.311533055980573,-132.739195530633
218.443607114943,1.0049561479052,0.00732301754791949,0.30812092671392,-132.439088221098
220.466873523941,1.00484971289369,0.00720753243830125,0.304755757067257,-132.136189834709
222.508879812837,1.00474520393624,0.00709415401018464,0.301436702971499,-131.830503953667
224.569799553977,1.00464258652346,0.00698284388378398,0.298162939119624,-131.522034514752
226.649807927369,1.00454182675242,0.00687356437639401,0.29493365850817,-131.210785817886
228.74908173557,1.0044428913164,0.00676627848980094,0.291748071990683,-130.896762534698
230.867799418717,1.00434574749486,0.00666094989791803,0.2886054078417,-130.579969717075
233.006141069692,1.00425036314351,0.006557542934642,0.285504911332186,-130.260412805698
235.164288449435,1.00415670668454,0.00645602258192611,0.282445844314887,-129.938097638551
237.342425002387,1.00406474709705,0.00635635445806653,0.279427484820735,-129.613030459403
239.540735872088,1.00397445390759,0.00625850480619796,0.276449126664814,-129.285217926252
241.759407916913,1.0038857971808,0.00616244048299506,0.273510079062554,-128.954667119717
243.998629725955,1.00379874751033,0.00606812894757586,0.270609666255241,-128.621385551387
246.258591635055,1.00371327600975,0.00597553825060383,0.267747227144942,-128.285381172096
248.53948574298,1.00362935430371,0.0058846370235851,0.264922114938891,-127.946662380146
250.841505927754,1.00354695451919,0.00579539446835722,0.262133696802225,-127.60523802943
253.164847863136,1.00346604927692,0.00570778034676643,0.259381353520133,-127.261117437494
255.509709035251,1.00338661168289,0.00562176497052974,0.256664479167737,-126.914310393479
257.87628875938,1.00330861532006,0.00553731919127881,0.253982480788884,-126.564827165981
260.2647881969,1.00323203424013,0.00545441439078263,0.251334778082467,-126.212678510782
262.675410372384,1.0031568429555,0.00537302247134518,0.248720803097295,-125.857875678469
265.108360190854,1.00308301643132,0.00529311584637594,0.246139999933731,-125.500430421917
267.563844455205,1.00301053007772,0.0052146674311292,0.24359182445388,-125.140355003631
270.042071883777,1.0029393597421,0.00513765063361001,0.241075743998035,-124.77766220294
272.543253128103,1.00286948170159,0.00506203934564339,0.238591237109015,-124.412365323024
275.067600790807,1.00280087265559,0.00498780793410403,0.236137793263113,-124.044478197782
277.61532944368,1.00273350971852,0.00491493123230363,0.233714912607765,-123.674015198503
280.18665564592,1.00266737041257,0.00484338453153316,0.231322105706037,-123.300991240363
282.781797962534,1.00260243266066,0.00477314357275716,0.22895889328742,-122.92542178871
285.400976982924,1.00253867477946,0.00470418453845749,0.226624806004789,-122.547322865137
288.04441533963,1.00247607547259,0.004636484044624,0.224319384197765,-122.166711053343
290.712337727258,1.00241461382382,0.00457001913288911,0.222042177661784,-121.783603504751
293.404970921579,1.00235426929052,0.00450476726280428,0.219792745422915,-121.398017943889
296.122543798803,1.00229502169711,0.00444070630425544,0.217570655518931,-121.009972673515
298.865287355038,1.00223685122866,0.00437781453001508,0.215375484785074,-120.619486579482
301.63343472592,1.0021797384246,0.00431607060842858,0.213206818645608,-120.226579135322
304.42722120643,1.00212366417257,0.00425545359623235,0.211064250911079,-119.831270406554
307.2468842709,1.00206860970223,0.00419594293150146,0.208947383579598,-119.433581054692
310.092663593193,1.0020145565794,0.00413751842672437,0.206855826644272,-119.033532340946
312.964801067075,1.00196148670007,0.0040801602620027,0.204789197904664,-118.631146129613
315.863540826782,1.00190938228467,0.00402384897837364,0.202747122783491,-118.226444891139
318.789129267765,1.00185822587236,0.00396856547125275,0.200729234147647,-117.819451704847
321.741815067637,1.00180800031544,0.00391429098399526,0.198735172133908,-117.41019026132
324.721849207313,1.00175868877385,0.00386100710157354,0.196764583978761,-116.998684864428
327.729484992338,1.00171027470977,0.00380869574436873,0.194817123853066,-116.584960432995
330.764978074424,1.00166274188226,0.00375733916207451,0.192892452700229,-116.169042502087
333.828586473176,1.00161607434212,0.00370691992771101,0.190990238078751,-115.750957223929
336.920570598027,1.00157025642665,0.00365742093174676,0.18911015400885,-115.330731368415
340.041193270371,1.0015252727547,0.00360882537632708,0.187251880822695,-114.908392323238
343.190719745904,1.00148110822161,0.00356111676960655,0.185415105018609,-114.483968093599
346.369417737173,1.00143774799442,0.0035142789201841,0.183599519118681,-114.057487301511
349.577557436328,1.00139517750699,0.00346829593163865,0.181804821530351,-113.628979184679
352.815411538088,1.00135338245534,0.00342315219716354,0.18003071641094,-113.198473594948
356.083255262928,1.00131234879301,0.00337883239429808,0.178276913536005,-112.766000996325
359.381366380463,1.00127206272648,0.00333532147975436,0.176543128170943,-112.331592462552
362.710025233065,1.00123251071072,0.00329260468433763,0.1748290809456,-111.895279674239
366.06951475969,1.00119367944476,0.00325066750795868,0.17313449773204,-111.457094915544
369.46012051993,1.00115555586741,0.00320949571473637,0.171459109525767,-111.017071070398
372.882130718283,1.00111812715296,0.00316907532818897,0.169802652329292,-110.57524161827
376.335836228653,1.00108138070704,0.00312939262651234,0.168164867039263,-110.131640629468
379.821530619074,1.00104530416249,0.00309043413794383,0.166545499335831,-109.68630275998
383.33951017666,1.00100988537534,0.00305218663621,0.164944299575171,-109.239263245841
386.890073932798,1.00097511242087,0.00301463713605676,0.163361022684553,-108.790557897028
390.473523688556,1.00094097358965,0.00297777288886058,0.161795428059953,-108.340223090897
394.090164040345,1.00090745738378,0.00294158137831917,0.16024727946646,-107.888295765134
397.740302405804,1.00087455251307,0.00290605031622013,0.158716344940775,-107.434813410243
401.424249049932,1.0008422478914,0.0028711676382865,0.15720239669651,-106.979814061562
405.142317111465,1.00081053263304,0.00283692150009736,0.155705211031665,-106.523336290812
408.894822629486,1.00077939604912,0.00280330027308246,0.154224568238358,-106.065419197173
412.682084570295,1.00074882764409,0.00277029254058954,0.152760252514936,-105.606102397909
416.504424854519,1.00071881711229,0.00273788709402278,0.151312051880229,-105.145426018518
420.362168384471,1.00068935433457,0.00270607292905141,0.149879758089682,-104.683430682436
424.255643071778,1.00066042937496,0.00267483924188695,0.14846316655399,-104.22015750029
428.185179865241,1.00063203247739,0.002644175425628,0.147062076259449,-103.755648058698
432.151112778977,1.00060415406248,0.00261407106667136,0.145676289690256,-103.28994440864
436.153778920801,1.00057678472443,0.00258451594118818,0.144305612752934,-102.823089053392
440.193518520887,1.00054991522784,0.00255550001166405,0.142949854702544,-102.355124936035
444.270674960688,1.00052353650474,0.00252701342350183,0.141608828070529,-101.886095426554
448.385594802119,1.00049763965156,0.0024990465016862,0.140282348594479,-101.416044308524
452.538627817017,1.00047221592618,0.00247158974750856,0.138970235149746,-100.945015765404
456.730127016875,1.0004472567451,0.00244463383535153,0.137672309682515,-100.473054366446
460.960448682843,1.00042275368053,0.00241816960953165,0.136388397144677,-100.000205052227
465.229952396019,1.00039869845766,0.0023921880811995,0.135118325430055,-99.5265131198178
469.539001068006,1.00037508295189,0.00236668042529595,0.133861925312531,-99.0520242076039
473.887960971766,1.00035189918616,0.00234163797756375,0.132619030385586,-98.5767842797683
478.277201772749,1.00032913932831,0.00231705223161332,0.131389477002811,-98.1008396104512
482.707096560318,1.00030679568845,0.00229291483604179,0.130173104220914,-97.6242367676
487.178021879463,1.00028486071646,0.00226921759160432,0.128969753742923,-97.1470225965262
491.690357762803,1.00026332699947,0.00224595244843682,0.127779269863692,-96.6692442031827
496.244487762892,1.00024218725937,0.00222311150332902,0.126601499416204,-96.1909489371791
500.840798984821,1.00022143435044,0.00220068699704713,0.125436291719418,-95.7121843745497
505.479682119124,1.00020106125696,0.00217867131170498,0.124283498527272,-95.2329983002932
510.161531474983,1.00018106109087,0.00215705696818301,0.123142973978867,-94.7534386906985
514.886745013749,1.00016142708946,0.00213583662359405,0.122014574550071,-94.2735536954777
519.655724382766,1.0001421526132,0.0021150030687951,0.120898159006087,-93.7933916197213
524.468874949512,1.00012323114344,0.00209454922594436,0.11979358835515,-93.3130009056965
529.326605836056,1.0001046562803,0.00207446814610253,0.118700725803385,-92.8324301145044
534.229329953835,1.0000864217405,0.00205475300687769,0.117619436710887,-92.3517279076185
539.17746403875,1.00006852135532,0.00203539711011302,0.116549588548627,-91.8709430283211
544.171428686589,1.00005094906848,0.00201639387961632,0.11549105085651,-91.3901242830575
549.211648388779,1.00003369893418,0.00199773685893096,0.114443695202313,-90.9093205227288
554.298551568467,1.00001676511506,0.00197941970914717,0.113407395141838,-90.4285806239407
559.432570616938,1.00000014188032,0.00196143620675309,0.112382026179677,-89.9479534702303
564.614141930367,0.99998382360375,0.0019437802415249,0.111367465731298,-89.4674879332896
569.843705946914,0.999967804761881,0.00192644581445515,0.110363593085541,-88.9872328542046
575.121707184161,0.999952079932132,0.00190942703571884,0.109370289368489,-88.507237024732
580.448594276898,0.999936643791003,0.00189271812267625,0.108387437507944,-88.0275491686308
585.824820015254,0.999921491112292,0.00187631339791221,0.107414922198519,-87.54821792307
591.250841383188,0.999906616765352,0.0018602072873108,0.106452629868153,-87.0692918201308
596.727119597332,0.999892015713372,0.00184439431816517,0.10550044864478,-86.5908192684232
602.254120146193,0.999877683011697,0.00182886911732153,0.104558268324062,-86.1128485348359
607.832312829723,0.999863613806167,0.00181362640935683,0.103625980337944,-85.6354277264375
613.462171799251,0.9998498033315,0.00179866101478966,0.102703477723761,-85.1586047725487
619.144175597784,0.99983624690969,0.00178396784832346,0.101790655094164,-84.6824274070025
624.878807200689,0.999822939948446,0.00176954191712171,0.100887408607758,-84.2069431506106
630.666554056741,0.999809877939649,0.00175537831911437,0.0999936359401957,-83.7321992938542
636.507908129557,0.999797056457844,0.00174147224133508,0.099109236256342,-83.2582428798143
642.403365939419,0.999784471158758,0.00172781895828849,0.0982341101826409,-82.7851206873597
648.353428605472,0.999772117777839,0.00171441383034729,0.0973681597805014,-82.3128792146078
654.358601888324,0.999759992128829,0.00170125230217822,0.0965112885199869,-81.8415646626746
660.419396233031,0.999748090102361,0.00168832990119673,0.0956634012541171,-81.3712229197278
666.536326812491,0.999736407664576,0.00167564223604954,0.0948244041941868,-80.9018995453576
672.709913571234,0.999724940855772,0.00166318499512488,0.0939942048848299,-80.4336397552802
678.940681269611,0.999713685789074,0.00165095394508962,0.0931727121805603,-79.9664884063861
685.229159528406,0.999702638649128,0.00163894492945297,0.0923598362221589,-79.5004899821459
691.575882873852,0.999691795690818,0.00162715386715621,0.0915554884139263,-79.0356885783863
697.981390783066,0.999681153238014,0.00161557675118797,0.0907595814012923,-78.572127889447
704.446227729904,0.999670707682326,0.00160420964722469,0.0899720290489328,-78.1098511947293
710.970943231243,0.9996604554819,0.00159304869229555,0.08919274641955,-77.6489013456467
717.556091893693,0.999650393160224,0.00158209009347179,0.0884216497528546,-77.1893207529868
724.202233460732,0.999640517304957,0.00157133012657957,0.0876586564451597,-76.7311513746923
730.909932860291,0.999630824566782,0.00156076513493634,0.0869036850295343,-76.2744347040706
737.679760252773,0.99962131165828,0.00155039152810992,0.0861566551561087,-75.8192117584375
744.512291079513,0.999611975352821,0.0015402057807002,0.0854174875728902,-75.3655230682029
751.408106111697,0.999602812483482,0.00153020443114275,0.0846861041073915,-74.9134086664033
758.367791499719,0.999593819941973,0.00152038408053419,0.0839624276479042,-74.462908078687
765.391938823015,0.9995849946776,0.00151074139147878,0.0832463821258905,-74.0140603137556
772.48114514034,0.999576333696226,0.00150127308695588,0.0825378924983256,-73.5669038542662
779.636013040524,0.99956783405927,0.00149197594920785,0.0818368847305985,-73.1214766481971
786.857150693685,0.999559492882716,0.00148284681864815,0.081143285779668,-72.6778161006786
794.145171902934,0.999551307336133,0.00147388259278911,0.0804570235777781,-72.2359590662917
801.50069615654,0.999543274641731,0.00146508022518908,0.0797780270160209,-71.7959418418344
808.924348680594,0.999535392073414,0.00145643672441863,0.0791062259290703,-71.3578001595573
816.416760492147,0.999527656955868,0.00144794915304545,0.078441551079355,-70.9215691808665
823.978568452852,0.999520066663651,0.00143961462663751,0.0777839341421484,-70.4872834904943
831.610415323096,0.999512618620314,0.00143143031278426,0.0771333076907091,-70.0549770911348
839.312949816636,0.999505310297525,0.00142339343013551,0.0764896051817774,-69.6246833985432
847.08682665574,0.999498139214216,0.00141550124745763,0.07585276094153,-69.1964352370951
854.932706626838,0.999491102935746,0.00140775108270676,0.0752227101513821,-68.7702648358038
862.85125663669,0.999484199073081,0.00140014030211876,0.0745993888347051,-68.3462038247894
870.843149769072,0.999477425281977,0.00139266631931554,0.073982733843189,-67.9242832321972
878.909065341995,0.9994707792622,0.00138532659442753,0.0733726828438651,-67.5045334815603
887.04968896544,0.999464258756736,0.00137811863323189,0.0727691743062823,-67.0869843895991
895.26571259964,0.999457861551036,0.00137103998630631,0.0721721474899374,-66.6716651644542
903.557834613893,0.999451585472261,0.00136408824819799,0.0715815424319604,-66.2586044043447
911.92675984593,0.999445428388549,0.00135726105660757,0.0709972999350024,-65.8478300966452
920.373199661822,0.999439388208295,0.00135055609158779,0.070419361555226,-65.4393696173752
928.89787201645,0.999433462879436,0.00134397107475648,0.0698476695909574,-65.0332497310926
937.501501514529,0.999427650388762,0.00133750376852374,0.0692821670710834,-64.6294965911825
946.1848194722,0.99942194876123,0.001331151975333,0.0687227977439576,-64.2281357405359
954.948563979197,0.999416356059299,0.00132491353691566,0.0681695060663069,-63.8291921126058
963.793479961579,0.999410870382263,0.00131878633355916,0.0676222371924936,-63.4326900328348
972.720319245054,0.999405489865619,0.00131276828338812,0.0670809369639818,-63.0386532204439
981.729840618884,0.999400212680422,0.00130685734165844,0.0665455518989048,-62.6471047905729
990.82280990038,0.999395037032673,0.00130105150006393,0.0660160291818875,-62.2580672567637
1000,0.999389961162704,0.00129534878605552,0.0654923166540215,-61.8715625337752
