freqs,wHm,wLm
0.001,0.00796691693927555,281440623262464
0.00100693863147603,0.00796644873574295,3.6028797018964e+16
0.00101392540755882,0.00796597380707315,281466387169260
0.00102096066230605,0.00796549205408839,3.6028797018964e+16
0.00102804473209331,0.00796500337608455,3.6028797018964e+16
0.00103517795563018,0.00796450767080611,3.6028797018964e+16
0.0010423606739764,0.0079640048344209,Inf
0.00104959323055823,0.00796349476149423,3.6028797018964e+16
0.0010568759711848,0.00796297734496271,281474976710656
0.00106420924406472,0.0079624524761075,1.8014398509482e+16
0.00107159339982267,0.0079619200445272,281440623262464
0.00107902879151618,0.00796137993811019,140733193584630
0.00108651577465254,0.00796083204300654,281440623262464
0.00109405470720574,0.0079602762435994,281466387169260
0.00110164594963366,0.0079597124224759,1.8014398509482e+16
0.00110928986489522,0.00795914046039757,3.6028797018964e+16
0.00111698681846782,0.0079585602362702,3.6028797018964e+16
0.00112473717836475,0.00795797162711323,281440623262464
0.00113254131515281,0.00795737450802855,281466387169260
0.00114039960197003,0.00795676875216884,Inf
0.00114831241454351,0.00795615423070522,3.6028797018964e+16
0.00115628013120738,0.00795553081279454,1.20095990063213e+16
0.00116430313292088,0.00795489836554591,281466387169260
0.0011723818032866,0.00795425675398674,1.20095990063213e+16
0.00118051652856881,0.00795360584102824,281440623262464
0.0011887076977119,0.00795294548743018,281466387169260
0.00119695570235904,0.0079522755517652,3.6028797018964e+16
0.00120526093687084,0.00795159589038241,1.8014398509482e+16
0.00121362379834424,0.00795090635737031,281440623262464
0.00122204468663149,0.00795020680451926,281466387169260
0.00123052400435926,0.00794949708128309,281466387169260
0.00123906215694792,0.00794877703474017,1.20095990063213e+16
0.00124765955263087,0.00794804650955381,281474976710656
0.00125631660247412,0.0079473053479319,3.6028797018964e+16
0.0012650337203959,0.00794655338958594,281474976710656
0.00127381132318648,0.00794579047168933,1.8014398509482e+16
0.00128264983052806,0.00794501642883499,281440623262464
0.00129154966501488,0.00794423109299214,1.8014398509482e+16
0.00130051125217341,0.0079434342934625,281474976710656
0.00130953502048267,0.00794262585683563,281440623262464
0.00131862140139475,0.00794180560694357,Inf
0.00132777082935543,0.00794097336481467,9.00719925474099e+15
0.00133698374182495,0.0079401289486267,Inf
0.00134626057929891,0.00793927217365907,1.8014398509482e+16
0.00135560178532937,0.00793840285224438,Inf
0.00136500780654601,0.00793752079371904,281474976710656
0.00137447909267754,0.00793662580437311,1.8014398509482e+16
0.00138401609657313,0.00793571768739933,9.00719925474099e+15
0.00139361927422414,0.00793479624284125,9.00719925474099e+15
0.00140328908478587,0.00793386126754055,281337638338630
0.00141302599059953,0.00793291255508345,281440623262464
0.00142283045721435,0.00793194989574627,9.00719925474099e+15
0.00143270295340983,0.00793097307644006,Inf
0.00144264395121816,0.0079299818806544,9.00719925474099e+15
0.00145265392594678,0.00792897608840018,281474976710656
0.00146273335620113,0.00792795547615159,281440623262464
0.0014728827239075,0.007926919816787,281440623262464
0.0014831025143361,0.00792586887952909,281474976710656
0.00149339321612425,0.0079248024298839,281474976710656
0.00150375532129974,0.00792372022957891,140733193584630
0.00151418932530435,0.00792262203650023,281474976710656
0.00152469572701757,0.00792150760462874,281440623262464
0.00153527502878042,0.00792037668397526,Inf
0.00154592773641948,0.0079192290205147,281440623262464
0.00155665435927106,0.00791806435611926,140733193584630
0.00156745541020559,0.00791688242849051,281474976710656
0.00157833140565212,0.00791568297109056,9.00719925474099e+15
0.00158928286562298,0.00791446571307211,281440623262464
0.0016003103137387,0.00791323037920753,281440623262464
0.00161141427725302,0.00791197668981681,9.00719925474099e+15
0.00162259528707809,0.00791070436069459,281440623262464
0.00163385387780986,0.00790941310303601,Inf
0.00164519058775366,0.00790810262336159,Inf
0.00165660595894991,0.00790677262344099,Inf
0.00166810053720006,0.00790542280021577,281440623262464
0.00167967487209265,0.00790405284572104,Inf
0.00169132951702965,0.00790266244700608,140737488355328
0.00170306502925284,0.00790125128605388,281474976710656
0.00171488196987054,0.0078998190396996,281474976710656
0.00172678090388436,0.00789836537954805,Inf
0.00173876240021625,0.00789688997189005,140733193584630
0.00175082703173573,0.00789539247761772,281337638338630
0.00176297537528721,0.00789387255213886,1.8014398509482e+16
0.00177520801171763,0.00789232984529016,1.8014398509482e+16
0.00178752552590424,0.00789076400124946,281440623262464
0.00179992850678248,0.007889174658447,281440623262464
0.00181241754737424,0.00788756144947567,Inf
0.00182499324481615,0.00788592400100031,281440623262464
0.00183765620038817,0.00788426193366599,281474976710656
0.0018504070195423,0.00788257486200541,1.8014398509482e+16
0.00186324631193156,0.00788086239434539,281440623262464
0.00187617469143912,0.00787912413271242,Inf
0.00188919277620767,0.00787735967273738,281474976710656
0.00190230118866894,0.00787556860355947,281440623262464
0.00191550055557353,0.00787375050772926,1.8014398509482e+16
0.00192879150802078,0.00787190496111105,281440623262464
0.00194217468148903,0.00787003153278449,281440623262464
0.00195565071586595,0.00786812978494552,281440623262464
0.00196922025547917,0.00786619927280669,1.8014398509482e+16
0.00198288394912707,0.00786423954449687,281440623262464
0.00199664245010979,0.00786225014096056,Inf
0.0020104964162605,0.00786023059585657,281440623262464
0.0020244465099768,0.00785818043545644,6.00479950316066e+15
0.00203849339825246,0.00785609917854247,281337638338630
0.00205263775270925,0.00785398633630555,1.8014398509482e+16
0.00206688024962908,0.00785184141224279,281337638338630
0.00208122156998634,0.00784966390205504,281474976710656
0.00209566239948043,0.0078474532935445,281337638338630
0.0021102034285686,0.0078452090665124,6.00479950316066e+15
0.00212484535249888,0.0078429306926569,281474976710656
0.00213958887134342,0.00784061763547129,281440623262464
0.00215443469003188,0.00783826935014275,9.00719925474099e+15
0.00216938351838518,0.00783588528345153,Inf
0.00218443607114943,0.007833464873671,281337638338630
0.00219959306803007,0.00783100755046853,281337638338630
0.00221485523372636,0.00782851273480732,9.00719925474099e+15
0.00223022329796594,0.00782597983884949,281474976710656
0.00224569799553977,0.00782340826586055,281474976710656
0.00226128006633728,0.00782079741011537,281440623262464
0.00227697025538168,0.00781814665680595,Inf
0.00229276931286565,0.00781545538195113,9.00719925474099e+15
0.00230867799418717,0.00781272295230853,281337638338630
0.00232469705998565,0.00780994872528886,9.00719925474099e+15
0.00234082727617829,0.00780713204887297,1.8014398509482e+16
0.00235706941399673,0.00780427226153187,281337638338630
0.00237342425002387,0.00780136869214987,281474976710656
0.00238989256623105,0.00779842065995143,281440623262464
0.00240647515001542,0.0077954274744317,281474976710656
0.0024231727942376,0.0077923884352914,281440623262464
0.00243998629725955,0.00778930283237616,140733193584630
0.00245691646298279,0.00778616994562081,9.00719925474099e+15
0.00247396410088681,0.00778298904499903,Inf
0.00249113002606779,0.00777975939047873,9.00719925474099e+15
0.00250841505927754,0.00777648023198363,281440623262464
0.00252582002696278,0.0077731508093615,281337638338630
0.00254334576130465,0.00776977035235965,281337638338630
0.00256099310025846,0.00776633808060803,280926826284481
0.0025787628875938,0.00776285320361058,281337638338630
0.00259665597293487,0.00775931492074555,9.00719925474099e+15
0.00261467321180109,0.00775572242127514,281337638338630
0.00263281546564802,0.00775207488436537,281337638338630
0.00265108360190854,0.0077483714791167,9.00719925474099e+15
0.00266947849403432,0.00774461136460623,280926826284481
0.00268800102153761,0.00774079368994221,281337638338630
0.00270665207003324,0.0077369175943317,4.5035996273705e+15
0.00272543253128103,0.00773298220716214,9.00719925474099e+15
0.00274434330322837,0.00772898664809795,280926826284481
0.00276338529005317,0.00772493002719286,4.5035996273705e+15
0.00278255940220713,0.00772081144501913,Inf
0.0028018665564592,0.00771662999281474,9.00719925474099e+15
0.00282130767593947,0.00771238475264952,281337638338630
0.0028408836901833,0.00770807479761156,Inf
0.00286059553517574,0.00770369919201509,Inf
0.0028804441533963,0.00769925699163108,281337638338630
0.00290043049386399,0.00769474724394199,281337638338630
0.00292055551218275,0.0076901689884222,9.00719925474099e+15
0.00294082017058706,0.00768552125684546,4.5035996273705e+15
0.00296122543798803,0.00768080307362123,281474976710656
0.00298177229001967,0.00767601345616131,281337638338630
0.00300246170908555,0.00767115141527891,281337638338630
0.00302329468440578,0.00766621595562168,Inf
0.0030442722120643,0.00766120607614096,9.00719925474099e+15
0.00306539529505653,0.00765612077059926,280926826284481
0.00308666494333727,0.00765095902811811,4.5035996273705e+15
0.00310808217386906,0.0076457198337687,9.00719925474099e+15
0.00312964801067075,0.00764040216920772,9.00719925474099e+15
0.00315136348486648,0.00763500501336092,9.00719925474099e+15
0.00317322963473498,0.00762952734315724,Inf
0.00319524750575921,0.00762396813431623,9.00719925474099e+15
0.00321741815067637,0.00761832636219183,281474976710656
0.0032397426295282,0.00761260100267563,Inf
0.00326222200971167,0.00760679103316306,281474976710656
0.00328485736603004,0.00760089543358586,281337638338630
0.00330764978074424,0.00759491318751461,281474976710656
0.00333060034362459,0.00758884328333522,4.5035996273705e+15
0.00335371015200293,0.00758268471550339,281337638338630
0.00337698031082509,0.00757643648588146,281474976710656
0.00340041193270371,0.00757009760516204,9.00719925474099e+15
0.00342400613797143,0.00756366709438329,4.5035996273705e+15
0.00344776405473446,0.00755714398654082,9.00719925474099e+15
0.00347168681892656,0.00755052732830151,281474976710656
0.00349577557436328,0.0075438161818247,9.00719925474099e+15
0.00352003147279668,0.00753700962669681,9.00719925474099e+15
0.00354445567397044,0.0075301067619852,9.00719925474099e+15
0.00356904934567523,0.00752310670841804,Inf
0.00359381366380463,0.00751600861069679,280926826284481
0.00361874981241128,0.00750881163994848,Inf
0.00364385898376354,0.0075015149963253,Inf
0.00366914237840249,0.00749411791175936,Inf
0.0036946012051993,0.00748661965288097,280926826284481
0.00372023668141307,0.00747901952410908,281337638338630
0.00374605003274899,0.00747131687092313,9.00719925474099e+15
0.003772042493417,0.00746351108332575,Inf
0.00379821530619074,0.0074556015995067,9.00719925474099e+15
0.003824569722467,0.00744758790971837,9.00719925474099e+15
0.00385110700232557,0.0074394695603742,4.5035996273705e+15
0.00387782841458946,0.00743124615838156,9.00719925474099e+15
0.00390473523688556,0.00742291737572155,281337638338630
0.00393182875570577,0.00741448295428843,Inf
0.00395911026646846,0.00740594271100227,281337638338630
0.00398658107358044,0.0073972965432091,Inf
0.00401424249049932,0.00738854443438318,281337638338630
0.00404209583979631,0.00737968646014731,280926826284481
0.00407014245321944,0.00737072279462715,Inf
0.00409838367175726,0.00736165371715691,9.00719925474099e+15
0.00412682084570295,0.00735247961935426,9.00719925474099e+15
0.00415545533471888,0.00734320101258302,280246120592370
0.00418428850790158,0.00733381853582351,9.00719925474099e+15
0.00421332174384729,0.00732433296397081,281474976710656
0.00424255643071778,0.00731474521658241,281337638338630
0.00427199396630678,0.00730505636709766,9.00719925474099e+15
0.0043016357581068,0.00729526765255223,281337638338630
0.0043314832233764,0.007285380483812,280926826284481
0.00436153778920801,0.00727539645635162,281337638338630
0.00439180089259609,0.0072653173616042,281337638338630
0.0044222739805059,0.00725514519890955,281337638338630
0.00445295850994266,0.00724488218808944,9.00719925474099e+15
0.00448385594802119,0.00723453078267955,Inf
0.0045149677720361,0.0072240936838487,280926826284481
0.0045462954695324,0.00721357385503722,Inf
0.00457784053837662,0.00720297453734733,281474976710656
0.00460960448682843,0.00719229926571929,280926826284481
0.00464158883361278,0.00718155188592855,9.00719925474099e+15
0.00467379510799246,0.00717073657243959,280926826284481
0.00470622484984128,0.00715985784715363,281474976710656
0.00473887960971765,0.0071489205990879,140668819169315
0.00477176094893875,0.00713793010502512,9.00719925474099e+15
0.00480487043965513,0.0071268920511728,Inf
0.00483820966492596,0.00711581255587198,140583123870975
0.00487178021879463,0.00710469819339642,281337638338630
0.00490558370636505,0.00709355601888265,281474976710656
0.00493962174387832,0.0070823935944321,280926826284481
0.00497389595879006,0.00707121901642617,281337638338630
0.00500840798984821,0.0070600409440948,9.00719925474099e+15
0.00504315948717136,0.00704886862937858,279301392238479
0.00507815211232767,0.00703771194812343,Inf
0.00511338753841433,0.00702658143264566,281474976710656
0.00514886745013749,0.00701548830570325,Inf
0.00518459354389291,0.00700444451590755,4.5035996273705e+15
0.00522056752784698,0.00699346277460608,4.5035996273705e+15
0.00525679112201842,0.00698255659426458,Inf
0.00529326605836056,0.00697174032837195,280926826284481
0.00532999408084409,0.00696102921288723,4.5035996273705e+15
0.00536697694554048,0.00695043940924226,280926826284481
0.00540421642070592,0.00693998804890731,4.5035996273705e+15
0.00544171428686589,0.00692969327951947,280926826284481
0.00547947233690029,0.00691957431256539,Inf
0.00551749237612913,0.00690965147260037,2.25179981368525e+15
0.00555577622239888,0.00689994624797504,2.25179981368525e+15
0.00559432570616938,0.00689048134302876,Inf
0.00563314267060135,0.00688128073169578,279301392238479
0.00567222897164454,0.00687236971245475,2.25179981368525e+15
0.00571158647812644,0.00686377496453632,280926826284481
0.00575121707184161,0.00685552460528508,280926826284481
0.00579112264764176,0.0068476482485527,140668819169315
0.00583130511352622,0.00684017706397769,279301392238479
0.00587176639073326,0.00683314383698394,280926826284481
0.00591250841383188,0.00682658302930595,4.5035996273705e+15
0.00595353313081437,0.00682053083982169,4.5035996273705e+15
0.00599484250318941,0.00681502526544661,4.5035996273705e+15
0.00603643850607586,0.0068101061618128,280926826284481
0.00607832312829723,0.00680581530342675,281474976710656
0.0061204983724767,0.00680219644296768,4.5035996273705e+15
0.00616296625513294,0.00679929536935608,4.5035996273705e+15
0.0062057288067765,0.00679715996418968,4.5035996273705e+15
0.00624878807200689,0.00679584025611152,4.5035996273705e+15
0.00629214610961034,0.00679538847264312,280926826284481
0.00633580499265825,0.00679585908898527,4.5035996273705e+15
0.00637976680860628,0.00679730887326035,4.5035996273705e+15
0.00642403365939419,0.00679979692764473,2.25179981368525e+15
0.00646860766154633,0.00680338472481733,281474976710656
0.0065134909462728,0.00680813613913338,4.5035996273705e+15
0.00655868565957144,0.00681411747192058,280926826284481
0.00660419396233031,0.00682139747028969,2.25179981368525e+15
0.00665001803043112,0.00683004733885458,281474976710656
0.00669616005485322,0.00684014074376853,Inf
0.00674262224177834,0.00685175380850509,279301392238479
0.00678940681269611,0.00686496510084514,4.5035996273705e+15
0.00683651600451024,0.00687985561057598,140737488355328
0.0068839520696455,0.00689650871746645,Inf
0.00693171727615541,0.00691501014915231,2.25179981368525e+15
0.00697981390783066,0.00693544792865083,4.5035996273705e+15
0.00702824426430835,0.00695791231132131,4.5035996273705e+15
0.00707701066118189,0.00698249571119922,2.25179981368525e+15
0.00712611543011175,0.00700929261675541,280926826284481
0.00717556091893693,0.00703839949626603,Inf
0.00722534949178721,0.00706991469312325,280926826284481
0.00727548352919623,0.00710393831156818,Inf
0.00732596542821523,0.00714057209348355,Inf
0.00737679760252773,0.00717991928704178,Inf
0.00742798248256492,0.00722208450816013,4.5035996273705e+15
0.00747952251562182,0.00726717359586565,Inf
0.00753142016597438,0.00731529346281455,4.5035996273705e+15
0.00758367791499719,0.00736655194233876,Inf
0.00763629826128224,0.00742105763350476,4.5035996273705e+15
0.00768928372075831,0.00747891974576009,280926826284481
0.00774263682681127,0.00754024794481069,4.5035996273705e+15
0.00779636013040524,0.00760515220141223,4.5035996273705e+15
0.00785045620020451,0.00767374264477058,4.5035996273705e+15
0.00790492762269642,0.00774612942222812,280926826284481
0.00795977700231499,0.00782242256686343,4.5035996273705e+15
0.00801500696156541,0.00790273187455261,4.5035996273705e+15
0.00807062014114951,0.00798716679193275,279301392238479
0.00812661920009195,0.00807583631657227,Inf
0.00818300681586739,0.00816884891049545,281474976710656
0.00823978568452852,0.00826631242802907,281474976710656
0.00829695852083491,0.0083683340587455,Inf
0.00835452805838287,0.00847502028607196,280926826284481
0.00841249704973612,0.00858647686192456,1.50119987579017e+15
0.0084708682665574,0.00870280879751505,Inf
0.00852964449974103,0.00882412037027064,280926826284481
0.00858882855954625,0.0089505151466092,4.5035996273705e+15
0.00864842327573173,0.00908209602012728,279301392238479
0.00870843149769072,0.009218965264589,4.5035996273705e+15
0.00876885609458743,0.00936122460095575,281474976710656
0.00882969995549409,0.00950897527756859,2.25179981368525e+15
0.00889096598952916,0.00966231816249127,281474976710656
0.0089526571259964,0.00982135384694193,2.25179981368525e+15
0.00901477631452492,0.00998618275868387,1.50119987579017e+15
0.00907732652521022,0.0101569052842138,Inf
0.00914031074875623,0.0103336218985734,279301392238479
0.00920373199661822,0.0105164333016186,280926826284481
0.00926759330114688,0.0107054405596102,281474976710656
0.00933189771573324,0.0109007452510278,4.5035996273705e+15
0.00939664831495469,0.01110244961557,280926826284481
0.009461848194722,0.0113106567053675,281474976710656
0.00952750047242729,0.0115254705375123,Inf
0.00959360828709315,0.0117469962470884,279301392238479
0.00966017479952265,0.0119753402399727,Inf
0.00972720319245054,0.012210610344764,4.5035996273705e+15
0.0097946966706954,0.0124529159632831,280926826284481
0.00986265846131282,0.0127023682191731,4.5035996273705e+15
0.0099310918137498,0.012959080104212,280926826284481
0.01,0.013223166622026,280926826284481
0.0100693863147603,0.0134947449289686,276653925926890
0.0101392540755882,0.0137739344719955,Inf
0.0102096066230605,0.0140608571234309,273070837634425
0.0102804473209331,0.0143556373125747,279301392238479
0.0103517795563018,0.0146584021541527,1.12589990684262e+15
0.010423606739764,0.0149692815736544,2.25179981368525e+15
0.0104959323055823,0.0152884084296447,281474976710656
0.010568759711848,0.0156159186331645,Inf
0.0106420924406472,0.0159519512643695,Inf
0.0107159339982267,0.0162966486865729,281474976710656
0.0107902879151618,0.0166501566578826,2.25179981368525e+15
0.0108651577465254,0.0170126244406355,Inf
0.0109405470720574,0.0173842049088413,273070837634425
0.0110164594963366,0.0177650546538615,Inf
0.0110928986489522,0.0181553340885486,281474976710656
0.0111698681846782,0.0185552075500788,281474976710656
0.0112473717836475,0.0189648434017088,273070837634425
0.0113254131515281,0.0193844141336891,1.12589990684262e+15
0.0114039960197003,0.0198140964635625,2.25179981368525e+15
0.0114831241454351,0.020254071436074,281474976710656
0.0115628013120738,0.0207045245229156,279301392238479
0.0116430313292088,0.0211656457225209,281474976710656
0.011723818032866,0.0216376296601247,2.25179981368525e+15
0.011805165285688,0.0221206756882923,2.25179981368525e+15
0.011887076977119,0.0226149879881209,279301392238479
0.0119695570235904,0.0231207756713087,140463413142241
0.0120526093687084,0.0236382528832819,2.25179981368525e+15
0.0121362379834424,0.0241676389075634,2.25179981368525e+15
0.0122204468663149,0.0247091582715661,2.25179981368525e+15
0.0123052400435926,0.0252630408539822,2.25179981368525e+15
0.0123906215694792,0.0258295219939417,2.25179981368525e+15
0.0124765955263087,0.0264088426021069,2.25179981368525e+15
0.0125631660247412,0.0270012492738651,279301392238479
0.012650337203959,0.0276069944047818,1.12589990684262e+15
0.0127381132318648,0.0282263363084699,279301392238479
0.0128264983052806,0.0288595393370337,2.25179981368525e+15
0.0129154966501488,0.0295068740042399,2.25179981368525e+15
0.0130051125217341,0.0301686171115711,Inf
0.0130953502048267,0.030845051877313,2.25179981368525e+15
0.0131862140139475,0.0315364680688317,273070837634425
0.0132777082935543,0.0322431621381915,140463413142241
0.0133698374182495,0.0329654373612724,1.12589990684262e+15
0.0134626057929891,0.0337036039805421,2.25179981368525e+15
0.0135560178532937,0.0344579793516426,Inf
0.0136500780654601,0.0352288880939555,Inf
0.0137447909267754,0.0360166622453098,140463413142241
0.0138401609657313,0.0368216414210045,Inf
0.0139361927422414,0.0376441729773191,279301392238479
0.0140328908478587,0.0384846121796944,1.12589990684262e+15
0.0141302599059953,0.0393433223757674,2.25179981368525e+15
0.0142283045721435,0.0402206751734532,2.25179981368525e+15
0.0143270295340983,0.0411170506242756,273070837634425
0.0144264395121816,0.0420328374121509,1.12589990684262e+15
0.0145265392594678,0.0429684330478422,279301392238479
0.0146273335620113,0.0439242440693089,2.25179981368525e+15
0.014728827239075,0.0449006862481864,1.12589990684262e+15
0.014831025143361,0.0458981848026399,Inf
0.0149339321612425,0.0469171746168511,279301392238479
0.0150375532129974,0.0479581004674046,2.25179981368525e+15
0.0151418932530435,0.0490214172568573,273070837634425
0.0152469572701757,0.0501075902547846,281474976710656
0.0153527502878042,0.0512170953466164,279301392238479
0.0154592773641948,0.052350419290587,273070837634425
0.0155665435927106,0.0535080599831436,750599937895083
0.015674554102056,0.0546905267331731,281474976710656
0.0157833140565212,0.0558983405454289,279301392238479
0.0158928286562298,0.0571320344135572,1.12589990684262e+15
0.016003103137387,0.058392153623145,281474976710656
0.0161141427725302,0.0596792560652355,279301392238479
0.0162259528707809,0.0609939125607799,Inf
0.0163385387780986,0.0623367071965222,279301392238479
0.0164519058775366,0.0637082376728378,2.25179981368525e+15
0.0165660595894991,0.0651091156640814,279301392238479
0.0166810053720006,0.0665399671920262,279301392238479
0.0167967487209265,0.0680014330130119,139650696119239
0.0169132951702965,0.0694941690194536,140463413142241
0.0170306502925284,0.071018846656401,2.25179981368525e+15
0.0171488196987054,0.0725761533538793,2.25179981368525e+15
0.0172678090388436,0.0741667929757812,Inf
0.0173876240021625,0.0757914862861302,279301392238479
0.0175082703173572,0.0774509714335784,1.12589990684262e+15
0.0176297537528721,0.0791460044550558,263553233449754
0.0177520801171764,0.0808773597995425,273070837634425
0.0178752552590424,0.0826458308729917,1.12589990684262e+15
0.0179992850678248,0.0844522306054948,279301392238479
0.0181241754737424,0.0862973920418428,251758872756079
0.0182499324481615,0.0881821689567113,279301392238479
0.0183765620038817,0.0901074364957692,1.12589990684262e+15
0.018504070195423,0.0920740918440905,750599937895083
0.0186324631193156,0.0940830549233321,1.12589990684262e+15
0.0187617469143912,0.0961352691192348,2.25179981368525e+15
0.0188919277620767,0.0982317020410942,263553233449754
0.0190230118866894,0.100373346314958,273070837634425
0.0191550055557353,0.102561220412409,750599937895083
0.0192879150802078,0.104796369516916,2.25179981368525e+15
0.0194217468148903,0.107079866429853,1.12589990684262e+15
0.0195565071586595,0.109412812518425,273070837634425
0.0196922025547917,0.111796338707883,1.12589990684262e+15
0.0198288394912707,0.114231606520552,2.25179981368525e+15
0.0199664245010979,0.116719809164375,251758872756079
0.020104964162605,0.119262172673833,279301392238479
0.020244465099768,0.121859957106295,281474976710656
0.0203849339825246,0.124514457797061,273070837634425
0.0205263775270925,0.127227006676553,273070837634425
0.0206688024962908,0.129998973653353,273070837634425
0.0208122156998634,0.132831768067031,1.12589990684262e+15
0.0209566239948043,0.135726840214964,Inf
0.021102034285686,0.13868568295763,Inf
0.0212484535249888,0.141709833407176,562949953421312
0.0213958887134342,0.144800874704356,273070837634425
0.0215443469003188,0.147960437889325,1.12589990684262e+15
0.0216938351838518,0.151190203872126,139650696119239
0.0218443607114943,0.154491905509104,1.12589990684262e+15
0.0219959306803007,0.15786732979196,273070837634425
0.0221485523372636,0.161318320156589,Inf
0.0223022329796594,0.164846778919366,1.12589990684262e+15
0.0224569799553977,0.168454669849127,281474976710656
0.0226128006633728,0.172144020883627,1.12589990684262e+15
0.0227697025538168,0.175916926999973,Inf
0.0229276931286565,0.179775553249164,273070837634425
0.0230867799418717,0.183722137965678,562949953421312
0.0232469705998565,0.187758996163852,281474976710656
0.0234082727617829,0.191888523133668,273070837634425
0.0235706941399673,0.196113198249606,1.12589990684262e+15
0.0237342425002387,0.200435589007192,273070837634425
0.0238989256623105,0.204858355303118,Inf
0.0240647515001542,0.209384253975999,136535418817212
0.024231727942376,0.214016143626288,1.12589990684262e+15
0.0243998629725955,0.21875698973531,375299968947541
0.0245691646298279,0.223609870105108,281474976710656
0.0247396410088681,0.228577980642568,281474976710656
0.0249113002606779,0.233664641513304,562949953421312
0.0250841505927754,0.238873303693012,251758872756079
0.0252582002696278,0.244207555946399,281474976710656
0.0254334576130465,0.249671132266501,281474976710656
0.0256099310025846,0.255267919810144,273070837634425
0.025787628875938,0.261001967368599,562949953421312
0.0259665597293487,0.26687749441609,1.12589990684262e+15
0.0261467321180109,0.272898900782864,Inf
0.0263281546564802,0.279070777003969,251758872756079
0.0265108360190854,0.285397915399888,562949953421312
0.0266947849403432,0.291885321950667,136535418817212
0.0268800102153761,0.298538229031376,273070837634425
0.0270665207003324,0.305362109083558,281474976710656
0.0272543253128103,0.31236268930505,140737488355328
0.0274434330322837,0.319545967449066,273070837634425
0.0276338529005317,0.326918228833065,273070837634425
0.0278255940220712,0.334486064668616,562949953421312
0.028018665564592,0.342256391835517,225179981368525
0.0282130767593947,0.350236474236861,136535418817212
0.028408836901833,0.358433945886886,281474976710656
0.0286059553517574,0.366856835900355,Inf
0.028804441533963,0.375513595571275,225179981368525
0.0290043049386399,0.384413127750112,Inf
0.0292055551218275,0.393564818752674,251758872756079
0.0294082017058706,0.402978573060766,1.12589990684262e+15
0.0296122543798803,0.412664851105036,Inf
0.0298177229001967,0.422634710454393,136535418817212
0.0300246170908555,0.432899850774533,375299968947541
0.0302329468440578,0.443472662960947,119345151435254
0.030442722120643,0.45436628289971,156134224813893
0.0306539529505653,0.465594650363069,136535418817212
0.0308666494333727,0.477172573606878,119345151435254
0.0310808217386906,0.48911580030389,199032864766430
0.0312964801067075,0.501441095521546,225179981368525
0.0315136348486648,0.514166327535645,91023612544808.3
0.0317322963473498,0.527310562362923,81044048671180.9
0.0319524750575921,0.540894167996502,54614167526885
0.0321741815067637,0.554938929438728,64468841126222.6
0.032397426295282,0.569468175746337,38663561538419.8
0.0326222200971167,0.584506920432725,39318130247151.7
0.0328485736603004,0.600082016710742,44505101537426.1
0.0330764978074424,0.616222329205164,27139969048373.6
0.0333060034362459,0.632958923914247,38281745302235.6
0.0335371015200293,0.650325278350303,24384069248747
0.0337698031082509,0.668357513933711,30253449249639.7
0.0340041193270371,0.687094652844077,19238424144671.7
0.0342400613797142,0.706578901633197,20076567269623.3
0.0344776405473446,0.726855963958477,17112205628740.6
0.0347168681892656,0.747975384777119,12669769509290.3
0.0349577557436328,0.769990928214942,10691868075598.5
0.0352003147279668,0.792960991041344,9862285839433.33
0.0354445567397043,0.816949053177745,8599919269885.9
0.0356904934567523,0.842024165852848,7386166601101.57
0.0359381366380463,0.868261476775788,6346447800397.03
0.0361874981241128,0.895742789869638,5527624505189.19
0.0364385898376354,0.924557154483928,4781074518045.56
0.0366914237840249,0.954801475309876,3964337990547.81
0.036946012051993,0.986581129095921,3475264565167.11
0.0372023668141307,1.02001056723744,3105106796649.15
0.0374605003274899,1.05521387379557,2612613235326.27
0.03772042493417,1.09232523573246,2251799813685.25
0.0379821530619073,1.13148926520208,1945653738533.46
0.03824569722467,1.17286109148537,1682247379147.71
0.0385110700232557,1.21660611131256,1451765288334.46
0.0387782841458946,1.26289924947454,1251553174386.95
0.0390473523688556,1.31192353544686,1076466824491.2
0.0393182875570577,1.363867745273,924206004817.36
0.0395911026646846,1.41892279117814,792774035457.868
0.0398658107358044,1.47727646625215,677277901792.307
0.0401424249049932,1.53910607348981,588655965085.708
0.0404209583979631,1.60456839875035,505595359673.769
0.0407014245321944,1.6737864460389,435567810618.024
0.0409838367175726,1.74683237407781,373973221573.468
0.0412682084570295,1.82370620543216,322833112306.267
0.0415545533471888,1.90431019236884,276832526939.333
0.0418428850790158,1.9884193012811,238629564629.373
0.0421332174384729,2.07564920370393,204877325330.382
0.0424255643071778,2.16542448453631,175838597228.237
0.0427199396630678,2.25695144660674,150589498590.052
0.0430163575810679,2.34920167038305,129634085492.332
0.043314832233764,2.44091387677408,111296565311.175
0.04361537789208,2.53062185625027,95520830380.1022
0.0439180089259609,2.616714353131,81949920266.0898
0.044222739805059,2.69752817147262,70297303498.8663
0.0445295850994266,2.7714685773093,60292059597.1225
0.0448385594802119,2.83714281421223,51662625539.1147
0.045149677720361,2.89348598026357,44303437158.3009
0.045462954695324,2.93985667670443,37974781742.9571
0.0457784053837662,2.97608445890606,32512998939.8288
0.0460960448682843,3.00246132450749,27858846514.2594
0.0464158883361278,3.01968185800108,23857604362.0991
0.0467379510799246,3.02874689415512,20422098672.579
0.0470622484984128,3.03085056692073,17477709861.0462
0.0473887960971765,3.02726977125212,14950568910.8617
0.0477176094893875,3.01927002160742,12791575526.9409
0.0480487043965513,3.00803504490709,10934220516.4371
0.0483820966492595,2.99462144557134,9345822317.34854
0.0487178021879463,2.97993564198015,7986262454.34914
0.0490558370636505,2.9647281984264,6822659286.13455
0.0493962174387832,2.94960024023014,5826053803.47055
0.0497389595879007,2.93501721291083,4973333693.29161
0.0500840798984821,2.92132626878877,4244190508.93636
0.0504315948717136,2.90877465325782,3620622700.1531
0.0507815211232767,2.89752741221105,3087438569.40597
0.0511338753841433,2.88768347507609,2631990840.1474
0.051488674501375,2.87928968426454,2242802834.6019
0.0518459354389291,2.8723526765164,1910208139.58842
0.0522056752784698,2.86684871944645,1626601488.59902
0.0525679112201842,2.86273170921673,1384527540.49908
0.0529326605836056,2.85993957609084,1177890815.13447
0.0532999408084409,2.85839934816733,1001741786.77583
0.0536697694554048,2.85803110662228,851581552.103177
0.0540421642070592,2.8587510391588,723610568.423175
0.0544171428686589,2.86047376867131,614609532.937202
0.0547947233690029,2.86311410513301,521786702.81946
0.0551749237612913,2.86658834231942,442777538.265936
0.0555577622239888,2.87081519797851,375549617.270793
0.0559432570616938,2.87571647658884,318378241.575445
0.0563314267060135,2.88121751770634,269779323.492864
0.0567222897164454,2.88724747971819,228483612.067514
0.0571158647812643,2.89373949818069,193409516.525323
0.0575121707184161,2.90063074940123,163634943.876775
0.0579112264764176,2.90786244315651,138368154.379523
0.0583130511352622,2.91537976309053,116937314.065538
0.0587176639073326,2.92313176912896,98770329.8656633
0.0591250841383188,2.9310712729501,83377497.35291
0.0595353313081437,2.93915469497868,70341614.2800847
0.0599484250318941,2.94734190936551,59308012.2398699
0.0603643850607587,2.95559608186067,49973590.3464192
0.0607832312829723,2.96388350428453,42081611.5337034
0.061204983724767,2.97217342837141,35412599.1726939
0.0616296625513294,2.98043790104578,29780597.9968853
0.062057288067765,2.98865160264151,25026873.4160167
0.0624878807200689,2.99679168915468,21017195.7275207
0.0629214610961034,3.00483763929976,17637028.9480125
0.0633580499265825,3.0127711068951,14789434.5340886
0.0637976680860628,3.02057577891897,12392137.5301404
0.0642403365939419,3.02823723943798,10375250.8998896
0.0646860766154632,3.03574283950481,8679580.93115394
0.065134909462728,3.04308157304394,7255012.69691618
0.0655868565957143,3.0502439586855,6059063.56211512
0.0660419396233031,3.05722192746456,5055811.14262747
0.0665001803043112,3.0640087162712,4214854.67721977
0.0669616005485322,3.07059876691399,3510505.414342
0.0674262224177834,3.07698763064293,2921051.72175934
0.0678940681269611,3.08317187796628,2428172.6332866
0.0683651600451024,3.0891490135878,2016403.38780613
0.068839520696455,3.09491739628597,1672700.85031251
0.069317172761554,3.10047616355323,1386080.26258465
0.0697981390783066,3.1058251608124,1147289.03890708
0.0702824426430835,3.11096487502664,948539.845460805
0.0707701066118189,3.11589637252039,783285.58392744
0.0712611543011175,3.12062124083,646025.109893464
0.0717556091893692,3.12514153440484,532139.133869908
0.0722534949178721,3.1294597239824,437752.261192485
0.0727548352919623,3.13357864946368,359615.899601817
0.0732596542821523,3.1375014761188,295009.180864505
0.0737679760252773,3.1412316539562,241655.272114721
0.0742798248256491,3.14477288009303,197650.242807588
0.0747952251562182,3.14812906396828,161403.924000141
0.0753142016597437,3.15130429524489,131589.194097002
0.0758367791499719,3.15430281425154,107099.644522635
0.0763629826128225,3.15712898481951,87013.7945005792
0.0768928372075831,3.15978726937518,70564.9755292252
0.0774263682681127,3.16228220615335,57116.0306712955
0.0779636013040523,3.16461838840195,46138.0551294129
0.0785045620020451,3.16680044545361,37192.4964345249
0.0790492762269642,3.16883302554478,29916.1618333098
0.0795977700231498,3.17072078026823,24008.6627384857
0.080150069615654,3.1724683505498,19221.8604573282
0.080706201411495,3.17408035404549,15351.0746598814
0.0812661920009195,3.17556137385975,12227.7006640353
0.0818300681586739,3.17691594849103,9713.05991978867
0.0823978568452852,3.17814856291534,7693.2631306314
0.0829695852083491,3.17926364072328,6074.92888586723
0.0835452805838287,3.18026553723068,4781.61920835475
0.0841249704973612,3.18115853348755,3750.87499088638
0.0847086826655741,3.18194683111412,2931.75270757914
0.0852964449974102,3.18263454789731,2282.78113270063
0.0858882855954625,3.18322571408471,1770.26839483126
0.0864842327573172,3.18372426931724,1366.90022946876
0.0870843149769072,3.1841340601453,1050.58200800804
0.0876885609458743,3.18445883807684,803.483438077971
0.0882969995549409,3.18470225810921,611.250844773925
0.0889096598952916,3.18486787769978,462.359699089132
0.089526571259964,3.18495915613377,347.582491116274
0.0901477631452492,3.18497945425002,259.552656026481
0.0907732652521023,3.18493203448915,192.407640123372
0.0914031074875623,3.18482006123011,141.497376801197
0.0920373199661822,3.18464660138471,103.146662634388
0.0926759330114688,3.18441462522106,74.4618770789327
0.0933189771573324,3.18412700738994,53.174120015558
0.0939664831495469,3.1837865281295,37.5122219463004
0.09461848194722,3.18339587462604,26.1001945480915
0.0952750047242729,3.18295764251049,17.8746411552242
0.0959360828709314,3.18247433747142,12.0184359083354
0.0966017479952265,3.18194837696778,7.90763149249953
0.0972720319245054,3.18138209202528,5.06909852989283
0.097946966706954,3.1807777291023,3.14684936334427
0.0986265846131282,3.18013745201222,1.87537401506855
0.099310918137498,3.17946334389025,1.0586291686626
0.1,3.17875740919415,0.553601362720788
0.100693863147603,3.17802157572905,0.257700470405421
0.101392540755882,3.17725769668771,0.100236290202577
0.102096066230605,3.17646755269823,0.0421094518030698
0.102804473209331,3.17565285387232,0.0432129327645053
0.103517795563018,3.17481524184782,0.044508159599975
0.10423606739764,3.1739562918197,0.0414457460837454
0.104959323055823,3.17307751455483,0.0400119963618564
0.10568759711848,3.17218035838602,0.0415554318725244
0.106420924406472,3.17126621118143,0.0438142578353935
0.107159339982267,3.17033640228617,0.0448683669379395
0.107902879151618,3.16939220443308,0.0442955733811568
0.108651577465254,3.16843483562018,0.04267633818157
0.109405470720574,3.16746546095283,0.040980404834669
0.110164594963366,3.16648519444861,0.0400574970740692
0.110928986489522,3.16549510080367,0.0402579440983807
0.111698681846782,3.16449619711921,0.0413550184126769
0.112473717836475,3.16348945458727,0.0428021838531969
0.113254131515281,3.16247580013502,0.0440600784842326
0.114039960197003,3.16145611802713,0.0447752791408378
0.114831241454351,3.16043125142592,0.0448142331758237
0.115628013120738,3.15940200390905,0.0442300230395434
0.116430313292088,3.15836914094488,0.0432100963708963
0.11723818032866,3.15733339132551,0.0420200793948903
0.118051652856881,3.15629544855779,0.0409443747778231
0.11887076977119,3.15525597221277,0.0402240294649772
0.119695570235904,3.15421558923374,0.0400017329724535
0.120526093687084,3.15317489520378,0.0402932477084234
0.121362379834424,3.15213445557302,0.0409990631772367
0.122204468663149,3.15109480684654,0.0419485163038515
0.123052400435926,3.15005645773346,0.0429522344500577
0.123906215694792,3.149019890258,0.0438424597341443
0.124765955263087,3.14798556083331,0.0444949715632219
0.125631660247412,3.14695390129889,0.0448362286147636
0.12650337203959,3.14592531992231,0.044841709412651
0.127381132318648,3.14490020236626,0.0445299487280704
0.128264983052806,3.14387891262163,0.0439547019817628
0.129154966501488,3.14286179390763,0.0431961800425033
0.130051125217341,3.14184916953965,0.0423514660120008
0.130953502048267,3.14084134376595,0.0415239366949287
0.131862140139475,3.13983860257391,0.0408117323020769
0.132777082935543,3.13884121446671,0.0402960354651666
0.133698374182495,3.13784943121141,0.0400308917861182
0.134626057929891,3.13686348855921,0.0400368990847303
0.135560178532937,3.13588360693875,0.0403005887314227
0.136500780654601,3.13490999212334,0.0407796428487252
0.137447909267754,3.13394283587281,0.0414121567366488
0.138401609657313,3.13298231655102,0.0421271663278699
0.139361927422414,3.13202859971956,0.0428540162860468
0.140328908478587,3.13108183870865,0.0435292750852976
0.141302599059953,3.13014217516589,0.04410100045903
0.142283045721435,3.12920973958356,0.0445307987282325
0.143270295340983,3.12828465180537,0.0447943143773884
0.144264395121816,3.12736702151317,0.0448807192360109
0.145265392594678,3.12645694869452,0.0447916133187399
0.146273335620113,3.12555452409158,0.0445395942998665
0.14728827239075,3.12465982963218,0.0441466319156127
0.14831025143361,3.12377293884354,0.0436423003647975
0.149339321612425,3.12289391724943,0.0430618703971638
0.150375532129974,3.12202282275123,0.0424442393641487
0.151418932530435,3.1211597059935,0.0418296822819062
0.152469572701757,3.12030461071473,0.0412574425483454
0.153527502878042,3.11945757408374,0.040763247191203
0.154592773641948,3.1186186270222,0.0403769170447638
0.155665435927106,3.11778779451397,0.0401203204109491
0.156745541020559,3.11696509590155,0.0400059504265411
0.157833140565212,3.11615054517029,0.0400363581319348
0.158928286562298,3.11534415122071,0.0402045407551464
0.16003103137387,3.11454591812953,0.04049520577699
0.161141427725302,3.1137558453996,0.0408866704529678
0.162259528707809,3.11297392819942,0.0413530703920759
0.163385387780986,3.11220015759251,0.0418665580329916
0.164519058775366,3.11143452075701,0.0423992501238527
0.165660595894991,3.110677001196,0.0429247898577991
0.166810053720006,3.10992757893874,0.0434194862248502
0.167967487209265,3.10918623073339,0.0438630603983492
0.169132951702965,3.10845293023136,0.0442390638710262
0.170306502925284,3.1077276481637,0.0445350428737654
0.171488196987054,3.10701035250988,0.0447425181895159
0.172678090388436,3.10630100865917,0.0448568371041125
0.173876240021625,3.10559957956506,0.0448769402692887
0.175082703173573,3.10490602589276,0.0448050734904654
0.176297537528721,3.10422030616037,0.0446464639480721
0.177520801171763,3.10354237687368,0.0444089722727744
0.178752552590424,3.10287219265504,0.0441027259284161
0.179992850678248,3.10220970636649,0.0437397352387427
0.181241754737424,3.10155486922738,0.0433334908609348
0.182499324481615,3.10090763092664,0.0428985405240937
0.183765620038817,3.10026793973007,0.0424500434287589
0.18504070195423,3.09963574258269,0.0420033029782084
0.186324631193156,3.09901098520645,0.0415732825004303
0.187617469143912,3.09839361219351,0.0411741141209312
0.188919277620767,3.09778356709511,0.0408186173660054
0.190230118866894,3.09718079250645,0.0405178503008495
0.191550055557353,3.09658523014755,0.0402807205623862
0.192879150802078,3.09599682094036,0.0401136848691189
0.194217468148903,3.09541550508224,0.0400205622807211
0.195565071586595,3.09484122211593,0.0400024783123276
0.196922025547917,3.09427391099624,0.0400579449801557
0.198288394912707,3.09371351015355,0.0401830681112014
0.199664245010979,3.09315995755418,0.0403718605576269
0.20104964162605,3.09261319075793,0.0406166308047825
0.20244465099768,3.09207314697274,0.0409084123427184
0.203849339825246,3.09153976310668,0.0412374002136319
0.205263775270925,3.09101297581739,0.0415933663007163
0.206688024962908,3.09049272155903,0.041966032473915
0.208122156998634,3.08997893662687,0.0423453888829749
0.209566239948043,3.08947155719964,0.0427219520989647
0.211020342856859,3.08897051937968,0.0430869636436296
0.212484535249888,3.08847575923103,0.0434325334403523
0.213958887134342,3.08798721281558,0.0437517350105154
0.215443469003188,3.08750481622725,0.0440386601551792
0.216938351838518,3.0870285056244,0.0442884408172351
0.218443607114943,3.0865582172605,0.0444972451758379
0.219959306803007,3.0860938875131,0.044662254079037
0.221485523372636,3.08563545291128,0.0447816228782156
0.223022329796594,3.08518285016147,0.0448544327110045
0.224569799553977,3.08473601617195,0.0448806343663711
0.226128006633728,3.08429488807584,0.0448609870794297
0.227697025538168,3.08385940325279,0.04479699394981
0.229276931286565,3.08342949934946,0.0446908351527251
0.230867799418717,3.08300511429873,0.044545299694182
0.232469705998565,3.0825861863377,0.044363716142386
0.234082727617829,3.08217265402469,0.0441498825299427
0.235706941399673,3.08176445625512,0.043907995456745
0.237342425002387,3.08136153227632,0.0436425783244843
0.238989256623105,3.0809638217015,0.0433584085974564
0.240647515001542,3.08057126452269,0.0430604440086068
0.24231727942376,3.08018380112283,0.0427537477147486
0.243998629725955,3.07980137228702,0.0424434125490434
0.245691646298279,3.07942391921298,0.0421344847194174
0.247396410088681,3.0790513835207,0.0418318875496975
0.249113002606779,3.07868370726142,0.0415403461434985
0.250841505927754,3.07832083292584,0.0412643141463389
0.252582002696278,3.07796270345172,0.0410079040636658
0.254334576130465,3.07760926223081,0.0407748228243345
0.256099310025846,3.07726045311519,0.0405683144272018
0.25787628875938,3.07691622042307,0.040391111536524
0.259665597293487,3.07657650894394,0.0402453977757555
0.261467321180109,3.07624126394328,0.0401327821951006
0.263281546564802,3.0759104311668,0.040054286965477
0.265108360190854,3.07558395684407,0.0400103488045368
0.266947849403432,3.07526178769186,0.0400008340168573
0.268800102153761,3.07494387091692,0.0400250663873813
0.270665207003324,3.07463015421844,0.0400818665676941
0.272543253128103,3.07432058579009,0.0401696010962451
0.274434330322837,3.07401511432164,0.0402862388393826
0.276338529005317,3.07371368900035,0.040429412454468
0.278255940220713,3.07341625951191,0.0405964824618616
0.28018665564592,3.07312277604111,0.0407846016520823
0.282130767593947,3.07283318927225,0.0409907778168687
0.28408836901833,3.07254745038917,0.0412119331381096
0.286059553517574,3.07226551107512,0.0414449589559799
0.28804441533963,3.07198732351229,0.0416867650294468
0.290043049386399,3.07171284038115,0.0419343227693768
0.292055551218275,3.07144201485952,0.0421847022453444
0.294082017058706,3.07117480062148,0.0424351030312082
0.296122543798803,3.07091115183604,0.0426828791571123
0.298177229001967,3.07065102316557,0.0429255585794657
0.300246170908555,3.07039436976418,0.0431608576718222
0.302329468440578,3.07014114727579,0.0433866912869138
0.30442722120643,3.06989131183212,0.0436011789525543
0.306539529505653,3.06964482005048,0.0438026477507261
0.308666494333727,3.06940162903151,0.0439896323977043
0.310808217386906,3.06916169635663,0.0441608730003046
0.312964801067075,3.06892498008553,0.0443153109145337
0.315136348486648,3.06869143875341,0.0444520830819475
0.317322963473498,3.0684610313682,0.0445705151689398
0.319524750575921,3.06823371740764,0.0446701137865908
0.321741815067637,3.06800945681624,0.0447505580250492
0.32397426295282,3.06778821000223,0.0448116904970736
0.326222200971167,3.06756993783431,0.0448535080505746
0.328485736603004,3.06735460163846,0.0448761522798238
0.330764978074424,3.06714216319452,0.0448798999388837
0.333060034362459,3.06693258473288,0.0448651533387995
0.335371015200293,3.06672582893097,0.0448324307913871
0.337698031082509,3.06652185890975,0.044782357147039
0.340041193270371,3.06632063823014,0.0447156544611091
0.342400613797143,3.06612213088945,0.0446331328131137
0.344776405473446,3.06592630131766,0.0445356812945862
0.347168681892656,3.06573311437378,0.0444242591749628
0.349577557436328,3.06554253534209,0.0442998872498797
0.352003147279668,3.06535452992843,0.0441636393726922
0.354445567397044,3.06516906425636,0.0440166341677156
0.356904934567523,3.06498610486339,0.0438600269223967
0.359381366380463,3.06480561869715,0.0436950016553808
0.361874981241128,3.06462757311154,0.0435227633580258
0.364385898376354,3.06445193586288,0.043344530408368
0.366914237840249,3.06427867510603,0.043161527158623
0.36946012051993,3.06410775939053,0.0429749767000978
0.372023668141307,3.0639391576567,0.0427860938126498
0.374605003274899,3.06377283923177,0.0425960781095445
0.3772042493417,3.06360877382597,0.0424061073925512
0.379821530619074,3.06344693152866,0.0422173312363043
0.3824569722467,3.06328728280444,0.0420308648251087
0.385110700232557,3.06312979848925,0.041847783069336
0.387782841458946,3.06297444978655,0.0416691150322286
0.390473523688556,3.06282120826336,0.0414958387009621
0.393182875570577,3.06267004584651,0.0413288761381446
0.395911026646846,3.0625209348187,0.0411690890513305
0.398658107358044,3.06237384781473,0.0410172748183837
0.401424249049932,3.06222875781764,0.0408741630055941
0.404209583979631,3.06208563815493,0.0407404124131621
0.407014245321944,3.06194446249476,0.0406166086790239
0.409838367175726,3.06180520484219,0.0405032624670063
0.412682084570295,3.06166783953539,0.0404008082590457
0.415545533471887,3.06153234124196,0.0403096037638357
0.418428850790158,3.06139868495519,0.0402299299460039
0.421332174384729,3.06126684599036,0.0401619916709856
0.424255643071778,3.06113679998109,0.0401059189515179
0.427199396630678,3.06100852287569,0.0400617687723704
0.430163575810679,3.06088199093352,0.0400295274609836
0.43314832233764,3.06075718072142,0.0400091135633342
0.436153778920801,3.06063406911011,0.0400003811769695
0.439180089259609,3.06051263327065,0.0400031236869096
0.44222739805059,3.06039285067094,0.0400170778452957
0.445295850994266,3.06027469907221,0.0400419281322982
0.448385594802119,3.06015815652551,0.0400773113340234
0.45149677720361,3.06004320136837,0.0401228212729086
0.45462954695324,3.05992981222127,0.0401780136273285
0.457784053837662,3.05981796798435,0.0402424107797086
0.460960448682843,3.05970764783399,0.0403155066361669
0.464158883361278,3.05959883121952,0.0403967713654254
0.467379510799246,3.05949149785991,0.0404856560101461
0.470622484984128,3.0593856277405,0.0405815969298194
0.473887960971766,3.05928120110976,0.0406840200405568
0.477176094893875,3.05917819847606,0.0407923448234677
0.480487043965513,3.05907660060453,0.040905988079524
0.483820966492596,3.05897638851389,0.0410243674147772
0.487178021879463,3.05887754347332,0.0411469044453868
0.490558370636505,3.05878004699936,0.0412730277170195
0.493962174387832,3.05868388085288,0.0414021753377572
0.497389595879006,3.05858902703604,0.0415337973276391
0.500840798984821,3.05849546778928,0.0416673576913783
0.504315948717136,3.05840318558834,0.0418023362235951
0.507815211232768,3.05831216314135,0.0419382300581996
0.511338753841433,3.05822238338588,0.042074554975273
0.514886745013749,3.0581338294861,0.0422108464800811
0.518459354389291,3.05804648482991,0.0423466606696786
0.522056752784698,3.05796033302612,0.0424815749030365
0.525679112201842,3.05787535790166,0.0426151882907637
0.529326605836056,3.05779154349881,0.0427471220203757
0.532999408084409,3.05770887407251,0.0428770195327111
0.536697694554048,3.05762733408758,0.0430045465645879
0.540421642070592,3.05754690821615,0.0431293910721325
0.544171428686589,3.05746758133494,0.0432512630484632
0.547947233690029,3.05738933852265,0.0433698942485973
0.551749237612912,3.05731216505743,0.0434850378335831
0.555577622239888,3.05723604641429,0.0435964679449906
0.559432570616938,3.05716096826254,0.0437039792200075
0.563314267060136,3.05708691646337,0.0438073862565289
0.567222897164454,3.05701387706731,0.0439065230367892
0.571158647812643,3.05694183631183,0.0440012423172779
0.575121707184161,3.05687078061889,0.0440914149919197
0.579112264764176,3.05680069659261,0.0441769294347767
0.583130511352623,3.05673157101686,0.044257690827856
0.587176639073326,3.05666339085294,0.044333620478984
0.591250841383188,3.05659614323731,0.0444046551341236
0.595353313081437,3.05652981547927,0.0444707462879884
0.599484250318941,3.05646439505874,0.0445318594963098
0.603643850607587,3.05639986962401,0.0445879736926864
0.607832312829723,3.0563362269896,0.0446390805125294
0.61204983724767,3.05627345513401,0.0446851836262664
0.616296625513294,3.05621154219764,0.0447262980836338
0.62057288067765,3.05615047648065,0.0447624496706025
0.624878807200689,3.05609024644085,0.0447936742802135
0.629214610961034,3.05603084069166,0.0448200172983776
0.633580499265825,3.05597224800007,0.0448415330054764
0.637976680860628,3.0559144572846,0.0448582839944316
0.642403365939419,3.05585745761329,0.0448703406057393
0.646860766154633,3.0558012382018,0.0448777803798322
0.65134909462728,3.05574578841141,0.0448806875270066
0.655868565957143,3.0556910977471,0.0448791524150448
0.66041939623303,3.05563715585567,0.0448732710745699
0.665001803043112,3.05558395252388,0.0448631447220919
0.669616005485322,3.05553147767658,0.0448488793006342
0.674262224177834,3.05547972137487,0.0448305850377702
0.678940681269611,3.05542867381433,0.0448083760208537
0.683651600451024,3.05537832532321,0.0447823697891821
0.68839520696455,3.05532866636069,0.0447526869427979
0.693171727615541,3.05527968751514,0.0447194507676098
0.697981390783066,3.05523137950238,0.0446827868764854
0.702824426430835,3.05518373316402,0.0446428228659576
0.707701066118189,3.05513673946576,0.0445996879881687
0.712611543011175,3.05509038949578,0.0445535128376662
0.717556091893693,3.05504467446306,0.0445044290526644
0.722534949178721,3.05499958569578,0.044452569030373
0.727548352919622,3.05495511463977,0.0443980656560018
0.732596542821523,3.05491125285689,0.0443410520450456
0.737679760252773,3.05486799202353,0.0442816612984593
0.742798248256492,3.05482532392904,0.044220026270337
0.747952251562182,3.05478324047423,0.0441562793477134
0.753142016597438,3.05474173366991,0.0440905522421145
0.758367791499719,3.05470079563536,0.0440229757924902
0.763629826128224,3.05466041859695,0.0439536797791702
0.768928372075831,3.05462059488664,0.0438827927484949
0.774263682681127,3.05458131694062,0.0438104418477785
0.779636013040524,3.05454257729786,0.0437367526702758
0.785045620020451,3.0545043685988,0.0436618491098283
0.790492762269642,3.05446668358391,0.0435858532248799
0.795977700231499,3.0544295150924,0.0435088851115583
0.801500696156541,3.05439285606088,0.0434310627855295
0.807062014114951,3.05435669952206,0.0433525020723412
0.812661920009195,3.05432103860344,0.043273316505983
0.818300681586739,3.05428586652606,0.0431936172353933
0.823978568452852,3.0542511766032,0.0431135129386603
0.829695852083491,3.0542169622392,0.0430331097446648
0.835452805838287,3.05418321692818,0.0429525111619262
0.841249704973612,3.05414993425286,0.0428718180144155
0.84708682665574,3.05411710788335,0.042791128384111
0.852964449974102,3.054084731576,0.0427105375600755
0.858882855954625,3.05405279917221,0.0426301379938413
0.864842327573173,3.05402130459727,0.0425500192608946
0.870843149769072,3.05399024185929,0.0424702680280578
0.876885609458743,3.05395960504801,0.0423909680265702
0.882969995549409,3.05392938833375,0.0423122000306751
0.889096598952916,3.05389958596628,0.0422340418415229
0.89526571259964,3.0538701922738,0.0421565682762051
0.901477631452492,3.05384120166183,0.0420798511617371
0.907732652521022,3.05381260861219,0.0420039593338096
0.914031074875623,3.05378440768196,0.041928958640132
0.920373199661822,3.05375659350246,0.0418549119481943
0.926759330114688,3.05372916077827,0.0417818791572723
0.933189771573324,3.05370210428622,0.041709917214509
0.939664831495469,3.05367541887438,0.0416390801348994
0.9461848194722,3.05364909946115,0.0415694190250128
0.952750047242729,3.05362314103431,0.0415009821102856
0.959360828709315,3.05359753865,0.0414338147657172
0.966017479952265,3.0535722874319,0.0413679595498065
0.972720319245054,3.05354738257023,0.0413034562415636
0.97946966706954,3.05352281932091,0.0412403418804326
0.986265846131282,3.05349859300462,0.0411786508089654
0.99310918137498,3.05347469900596,0.0411184147180828
1,3.05345113277254,0.0410596626947631
